ID,Group,Module,"Endpoint path",Action,"Full URL","HTTP method(s)","Auth required","CSRF required","Super Admin only","Request parameters","Success response fields","Error codes returned","Database tables used","Used by",Purpose,Status,"Source file and line"
1,"Customer App/Website",account,api/fetch_user.php,,https://zenhomeexperts.com/api/fetch_user.php,"GET, POST","Customer Bearer token",No,No,none,"data{id,first_name,last_name,email,phone,address,photo,status}",401,"user_sessions, users",Unknown,"Returns the logged-in customer's profile.","Active - no caller found in website JS",api/fetch_user.php:17
2,"Customer App/Website",account,api/update_profile.php,,https://zenhomeexperts.com/api/update_profile.php,"POST, PUT, PATCH","Customer Bearer token",No,No,"first_name:string:optional; last_name:string:optional; email:string:optional; phone:string:optional; address:string:optional; photo:string:optional; password:string:optional; new_password:string:optional; current_password:string:optional","message, user{id,first_name,last_name,email,phone,address,photo,status}","400, 401, 500","user_sessions, users",Unknown,"Updates the logged-in customer's profile fields and optionally the password (requires current_password).","Active - note: no method check (any method with a JSON body works); phone/email can be changed without OTP/email verification; no caller found in website JS",api/update_profile.php:17
3,"Customer App/Website",auth,api/check_session.php,,https://zenhomeexperts.com/api/check_session.php,"GET, POST","Customer Bearer token",No,No,none,"logged_in, user{id,first_name,last_name,email,phone,address,photo,status}, user_id",401,"user_sessions, users","Website, Mobile app","Validates the customer token and returns the logged-in user's profile.",Active,api/check_session.php:18
4,"Customer App/Website",auth,api/login.php,,https://zenhomeexperts.com/api/login.php,"GET, POST",None,No,No,"phone:string:required; password:string:optional; otp:string:optional","step 1 (phone+password): status=otp_sent, message; step 2 (phone+otp): token, user{id,first_name,last_name,email,phone,address,photo,status}, expires_in_hours","400, 401, 403, 500","users, otp_verification, user_sessions",Website,"Two-step customer login: phone+password sends an SMS OTP, then phone+OTP creates a 12-hour session token.","Active - insecure: no rate limit on password attempts or OTP sends (SMS bombing), unlimited OTP guesses within the 5-min window, OTP from rand() stored in plaintext; no method check (reads JSON body on any method); SMS gateway credentials hardcoded in api/sms_sender.php and sent over plain HTTP",api/login.php:20
5,"Customer App/Website",auth,api/logout.php,,https://zenhomeexperts.com/api/logout.php,"GET, POST","None (Customer Bearer token optional; without it just returns success)",No,No,none,message,500,"user_sessions, cart, users",Website,"Deletes the caller's session token and clears their saved cart.","Active - note: wipes the customer's persisted cart on logout; no method check (token also accepted via ?token= on GET)",api/logout.php:17
6,"Customer App/Website",auth,api/password_reset.php,request,https://zenhomeexperts.com/api/password_reset.php?action=request,POST,None,No,No,phone:string:required,"message, data.expires_in (same answer whether or not the number is registered)","400, 405, 422, 429, 500, 502","users, password_resets",Website,"Sends a hashed, 10-minute password-reset OTP by SMS to a registered customer phone (action defaults to request when no otp is sent).","Active - rate limited (60 s gap, 3 per hour), no user enumeration; SMS gateway credentials hardcoded in api/sms_sender.php over plain HTTP",api/password_reset.php:59
7,"Customer App/Website",auth,api/password_reset.php,reset,https://zenhomeexperts.com/api/password_reset.php?action=reset,POST,None,No,No,"phone:string:required; otp:string:required; password:string:required",message,"400, 405, 422, 500","users, password_resets, user_sessions",Website,"Verifies the reset OTP (max 5 tries), sets the new password (6-72 chars) and signs out all of the customer's sessions (action defaults to reset when otp is sent).",Active,api/password_reset.php:97
8,"Customer App/Website",auth,api/register.php,,https://zenhomeexperts.com/api/register.php,"GET, POST",None,No,No,"firstname:string:required; lastname:string:required; email:string:required; phone:string:required; address:string:required; password:string:required","message, user_id (HTTP 201, body statusCode 200)","400, 500",users,Website,"Creates an Active customer account (no OTP/phone verification).","Active - insecure: no rate limit, no phone/email verification, no password strength rule, email format not validated; no method check",api/register.php:18
9,"Customer App/Website",bookings,api/my_bookings.php,,https://zenhomeexperts.com/api/my_bookings.php,GET,"Customer Bearer token",No,No,"id:string:optional; page:int:optional; limit:int:optional; status:enum(active|past):optional","list: data.items[]{id,booking_id,category,services,date,slot,status,status_label,amount,payment_status,technician}, data.pagination; with id: single booking object","401, 404, 405, 422, 500","user_sessions, users, service_booking, transactions",Website,"Lists the signed-in customer's own bookings (paginated, active/past filter) or returns one booking by code/ID.",Active,api/my_bookings.php:29
10,"Customer App/Website",cart,api/cart.php,,https://zenhomeexperts.com/api/cart.php,"GET, POST, DELETE","Customer Bearer token",No,No,items:array:optional,"items[] (GET: saved cart with missing image/url fixed from live catalog; POST: saved items; DELETE: []), message","401, 405, 500","user_sessions, users, cart, saverpacks, service_category, service_subcategories",Website,"Gets, replaces (POST items) or clears (DELETE) the customer's persisted cart.","Active - note: POST stores any client-supplied JSON items without validation (prices are re-checked at booking)",api/cart.php:70
11,"Customer App/Website",coupons,api/validate_coupon.php,,https://zenhomeexperts.com/api/validate_coupon.php,POST,"None (Customer Bearer token optional)",No,No,"coupon_code:string:required; amount:float:optional; items:array:optional; user_id:int:optional","data{code,description,type,value,max_discount,min_order,valid_to,amount,discount,final_amount}","400, 401, 405, 422, 500","coupons, service_booking, saverpacks, service_category, user_sessions, users","Website, Mobile app","Previews a coupon discount for a cart amount or priced items without redeeming it.","Active - note: unauthenticated user_id param lets anyone check whether a given customer already used a coupon; no rate limit (coupon codes can be brute-forced)",api/validate_coupon.php:20
12,"Customer App/Website",enquiry,api/contact_enquiry.php,,https://zenhomeexperts.com/api/contact_enquiry.php,POST,"None (Customer Bearer token optional)",No,No,"name:string:required; phone:string:required; email:string:optional; service:string:required; address:string:optional; message:string:required; website:string:optional","message, data.ticket_no (HTTP 201)","400, 405, 422, 429, 500","support_tickets, user_sessions, users",Website,"Saves the website contact/enquiry form as a General support ticket (honeypot field, max 3 per phone per day).","Active - bug: when a customer token is sent, (int) cast of the auth array stores user_id = 1 for every logged-in enquiry, so customer #1 sees other people's enquiries (name, phone, email, address) via api/support_tickets.php",api/contact_enquiry.php:19
13,"Customer App/Website",orders,api/order_history.php,,https://zenhomeexperts.com/api/order_history.php,GET,"Customer Bearer token",No,No,"page:int:optional; limit:int:optional","data.orders[]{order_id,amount,status,payment_mode,order_date,items,shipping_address}, data.pagination","401, 500","user_sessions, users, transactions, orders",Unknown,"Lists the signed-in customer's payment transactions with linked order items, paginated.","Active - no method check; no caller found in website JS",api/order_history.php:17
14,"Customer App/Website",partners,api/partner_registration.php,,https://zenhomeexperts.com/api/partner_registration.php,POST,None,No,No,"full_name:string:required; mobile:string:required; email:string:required; alternate_mobile:string:optional; dob:date:optional; gender:string:optional; photo:file:optional; current_address:string:optional; permanent_address:string:optional; city:string:optional; district:string:optional; state:string:optional; pincode:string:optional; landmark:string:optional; serviceable_areas:array:optional; primary_category:array:optional; sub_services:array:optional; experience:string:optional; certification_file:file:optional; training_institute:string:optional; previous_company:string:optional; own_tools:bool:optional; purchase_kit:bool:optional; working_days:array:optional; time_slots:string:optional; aadhaar_front:file:optional; aadhaar_back:file:optional; pan_file:file:optional; police_verification:file:optional; gst_number:string:optional; account_holder_name:string:optional; bank_name:string:optional; account_number:string:optional; ifsc:string:optional; cancelled_cheque:file:optional; commission_accept:bool:optional; tds_accept:bool:optional; weekly_payout_accept:bool:optional; agreement_accept:bool:optional; digital_signature:string:optional; rating_accept:bool:optional; cancellation_policy_accept:bool:optional; non_circumvention_accept:bool:optional; code_of_conduct_accept:bool:optional; emergency_name:string:optional; emergency_mobile:string:optional; reference_name:string:optional; reference_mobile:string:optional; criminal_record:bool:optional; competitor_platform:bool:optional; self_employment_declaration:bool:optional; background_verification_consent:bool:optional; final_consent:bool:optional","message, partner_id (HTTP 201, body statusCode 200)","400, 405, 500",service_partners,"Partner app","Submits a full service-partner registration (files as base64 data URLs saved to api/uploads/partners/) with status Pending for admin approval.","Active - insecure: no auth, rate limit, duplicate-mobile check or field validation; unlimited base64 uploads of KYC docs (Aadhaar, PAN, cheque) stored under web-served api/uploads/partners (scripts blocked, but files downloadable by URL); 500 response leaks the PDO error message; needs migration 2026_10_03_006 (final_consent column) per DEPLOY.md; client per code comment is Flutter Web/Android",api/partner_registration.php:43
15,"Customer App/Website",partners,save_service_partner.php,,https://zenhomeexperts.com/save_service_partner.php,POST,None,No,No,"full_name:string:required; mobile:string:required; email:string:optional; dob:date:optional; gender:string:optional; address:string:optional; city:string:optional; state:string:optional; pincode:string:optional; selectedCategories:array:optional; experience:string:optional; institute:string:optional; tools:bool:optional; aadhaar:string:optional; pan:string:optional; bank:string:optional; account:string:optional; ifsc:string:optional; commission_accept:bool:optional; tds_accept:bool:optional; weekly_payout_accept:bool:optional; agreement_accept:bool:optional; emergency_name:string:optional; emergency_mobile:string:optional; criminal_record:bool:optional; competitor:bool:optional",status=success,"400, 405, 409, 422, 429, 500","service_partners, legacy_access_log",Unknown,"Legacy service-partner sign-up form: validates input, rejects duplicate mobiles, rate-limits 10 per IP per hour and inserts a Pending row.","Legacy - duplicates api/partner_registration.php (same service_partners table, older field names, no file uploads, but validated/rate-limited); no caller found in repo; Aadhaar/PAN/bank numbers stored in plaintext (only columns that exist are written, existence of aadhaar_number/pan_number columns unknown)",save_service_partner.php:30
16,"Customer App/Website",reviews,api/rating.php,,https://zenhomeexperts.com/api/rating.php,POST,"None (Customer Bearer token optional; if sent it must match user_id)",No,No,"user_id:int:required; unique_booking_id:string:required; rating:int:required; feedback:string:required","message, status, review_id, review_status (HTTP 201)","400, 401, 403, 404, 422, 500","service_booking, ratings_feedback, user_sessions, users","Mobile app","Saves or updates a customer's 1-5 rating and feedback for a booking (Pending moderation unless REVIEWS_AUTO_APPROVE).","Active - insecure: without a token anyone can post/overwrite a review as any user_id for that user's booking (and for bookings with NULL user_id); no method check, no CORS headers",api/rating.php:28
17,"Customer App/Website",tickets,api/support_tickets.php,create,https://zenhomeexperts.com/api/support_tickets.php?action=create,POST,"Customer Bearer token",No,No,"subject:string:required; message:string:required; category:enum(Booking|Payment|Service|Account|General):optional; booking_id:string:optional; unique_booking_id:string:optional","message (ticket no), data.ticket, data.messages[] (HTTP 201)","400, 401, 403, 404, 405, 422, 429, 500","user_sessions, users, support_tickets, support_ticket_messages, service_booking","Mobile app","Creates a support ticket (optionally linked to the customer's own booking), max 5 per day (default action for POST).",Active,api/support_tickets.php:123
18,"Customer App/Website",tickets,api/support_tickets.php,get,https://zenhomeexperts.com/api/support_tickets.php?action=get,GET,"Customer Bearer token",No,No,id:int:required,"data.ticket{id,ticket_no,subject,category,status,booking,...}, data.messages[]{from,name,message,created_at}","401, 403, 404, 405, 500","user_sessions, users, support_tickets, support_ticket_messages, service_booking","Mobile app","Returns one of the customer's own tickets with the customer/admin conversation (internal remarks excluded; default action for GET with id).",Active,api/support_tickets.php:118
19,"Customer App/Website",tickets,api/support_tickets.php,list,https://zenhomeexperts.com/api/support_tickets.php?action=list,GET,"Customer Bearer token",No,No,"status:enum(Open|Closed):optional; page:int:optional; limit:int:optional","data.items[]{id,ticket_no,subject,category,status,booking,created_at,updated_at,admin_replies,last_admin_reply}, data.pagination","401, 403, 404, 405, 500","user_sessions, users, support_tickets, support_ticket_messages, service_booking","Mobile app","Lists the customer's own support tickets, newest activity first (default action for GET without id).",Active,api/support_tickets.php:91
20,"Customer App/Website",tickets,api/support_tickets.php,reply,https://zenhomeexperts.com/api/support_tickets.php?action=reply,POST,"Customer Bearer token",No,No,"id:int:required; message:string:required","message, data.ticket, data.messages[] (HTTP 201)","400, 401, 403, 404, 405, 422, 500","user_sessions, users, support_tickets, support_ticket_messages, service_booking","Mobile app","Adds a customer reply to their own ticket and re-opens it if closed.","Active - note: no per-day limit on replies",api/support_tickets.php:167
21,"Admin Panel",admins,api/admin/admins.php,delete,https://zenhomeexperts.com/api/admin/admins.php?action=delete,POST,"Admin session or Admin Bearer",Yes,Yes,id:int:required,data.id,"400, 401, 403, 404, 405, 409, 422, 500","admin, admin_sessions","Admin panel","Deletes an admin account and its tokens (not self, keeps at least one active Super Admin).",Active,api/admin/modules/admins.php:113
22,"Admin Panel",admins,api/admin/admins.php,get,https://zenhomeexperts.com/api/admin/admins.php?action=get,GET,"Admin session or Admin Bearer",No,Yes,id:int:required,"data.id, data.name, data.email, data.mobile, data.role, data.role_label, data.status, data.last_login","400, 401, 403, 404, 405, 409, 500","admin, admin_sessions","Admin panel","Returns one admin account.",Active,api/admin/modules/admins.php:25
23,"Admin Panel",admins,api/admin/admins.php,list,https://zenhomeexperts.com/api/admin/admins.php?action=list,GET,"Admin session or Admin Bearer",No,Yes,"page:int:optional; limit:int:optional; search:string:optional; role:enum(super_admin|admin):optional","data.items[], data.pagination{page,limit,total_items,total_pages}","400, 401, 403, 404, 405, 409, 500","admin, admin_sessions","Admin panel","Paginated list of admin accounts (default 50 per page) with search and role filter.",Active,api/admin/modules/admins.php:6
24,"Admin Panel",admins,api/admin/admins.php,save,https://zenhomeexperts.com/api/admin/admins.php?action=save,POST,"Admin session or Admin Bearer",Yes,Yes,"id:int:optional; name:string:required; mobile:string:required; email:string:required; role:enum(super_admin|admin):required; status:bool:optional; password:string:optional; password_confirm:string:optional","data.id, data.name, data.email, data.mobile, data.role, data.status","400, 401, 403, 404, 405, 409, 422, 500","admin, admin_sessions","Admin panel","Creates (no id; password required) or updates an admin; revokes their tokens when disabled or password changed.",Active,api/admin/modules/admins.php:35
25,"Admin Panel",admins,api/admin/admins.php,set_status,https://zenhomeexperts.com/api/admin/admins.php?action=set_status,POST,"Admin session or Admin Bearer",Yes,Yes,"id:int:required; status:bool:optional","data.id, data.status","400, 401, 403, 404, 405, 409, 422, 500","admin, admin_sessions","Admin panel","Activates/deactivates an admin (not self, keeps at least one active Super Admin) and revokes tokens on deactivation.",Active,api/admin/modules/admins.php:89
26,"Admin Panel",auth,admin/login.php,,https://zenhomeexperts.com/admin/login.php,"GET, POST",None,Yes,No,"username:string:required; password:string:required; next:string:optional","HTML login form (GET); 302 redirect to next (local admin page, default index.php) with ZCADMIN session on success","302 (success redirect); failures re-render the form with HTTP 200 (invalid credentials, lockout after 5 failures for 15 min, disabled account, expired CSRF)","admin, admin_sessions","Admin panel","Admin panel sign-in form; POST verifies credentials via admin_login() and starts the ZCADMIN session.",Active,admin/login.php:22
27,"Admin Panel",auth,admin/logout.php,,https://zenhomeexperts.com/admin/logout.php,POST,"Admin session",Yes,No,none,"302 redirect to login.php?logged_out=1","302 (GET or invalid CSRF redirects to index.php without logging out)","admin_sessions, admin","Admin panel","Signs the admin out: destroys the ZCADMIN session and deletes the Bearer token if one was sent.",Active,admin/logout.php:8
28,"Admin Panel",auth,api/admin/auth.php,change_password,https://zenhomeexperts.com/api/admin/auth.php?action=change_password,POST,"Admin session or Admin Bearer",Yes,No,"current_password:string:required; new_password:string:required; confirm_password:string:required","message only (data null)","400, 401, 403, 404, 405, 409, 422, 500","admin, admin_sessions","Admin panel","Changes the logged-in admin's password (min 8, letter + digit) and revokes all of that admin's API tokens.",Active,api/admin/modules/auth.php:47
29,"Admin Panel",auth,api/admin/auth.php,csrf,https://zenhomeexperts.com/api/admin/auth.php?action=csrf,GET,"Admin session or Admin Bearer",No,No,none,data.csrf_token,"400, 401, 403, 404, 405, 409, 500","admin, admin_sessions","Admin panel","Returns (creating if needed) the session CSRF token required for session-authenticated POSTs.",Active,api/admin/modules/auth.php:25
30,"Admin Panel",auth,api/admin/auth.php,login,https://zenhomeexperts.com/api/admin/auth.php?action=login,POST,None,No,No,"email:string:required; password:string:required","data.admin{id,name,email,mobile,role,role_label,status,last_login}, data.token, data.expires_at","400, 401, 403, 404, 405, 409, 422, 429, 500","admin, admin_sessions",Unknown,"API-client admin login: verifies credentials (5 failures = 15 min lockout, legacy plain-text passwords re-hashed) and issues a 30-day Bearer token in admin_sessions; no browser session is started (panel uses admin/login.php in-process).",Active,api/admin/modules/auth.php:8
31,"Admin Panel",auth,api/admin/auth.php,logout,https://zenhomeexperts.com/api/admin/auth.php?action=logout,POST,"Admin session or Admin Bearer",Yes,No,none,"message only (data null)","400, 401, 403, 404, 405, 409, 500","admin_sessions, admin","Admin panel","Deletes the caller's Bearer token (if any) and destroys the ZCADMIN session cookie.",Active,api/admin/modules/auth.php:14
32,"Admin Panel",auth,api/admin/auth.php,me,https://zenhomeexperts.com/api/admin/auth.php?action=me,GET,"Admin session or Admin Bearer",No,No,none,"data.id, data.name, data.first_name, data.last_name, data.email, data.mobile, data.role, data.role_label, data.status, data.last_login, data.alerts_read_at","400, 401, 403, 404, 405, 409, 500","admin, admin_sessions","Admin panel","Returns the currently authenticated admin profile (no password fields).",Active,api/admin/modules/auth.php:20
33,"Admin Panel",auth,api/admin/auth.php,profile_update,https://zenhomeexperts.com/api/admin/auth.php?action=profile_update,POST,"Admin session or Admin Bearer",Yes,No,"name:string:required; mobile:string:required; email:string:required","data.id, data.name, data.email, data.mobile, data.role, data.status","400, 401, 403, 404, 405, 409, 422, 500","admin, admin_sessions","Admin panel","Updates the logged-in admin's own name, mobile and email (email must be unique).",Active,api/admin/modules/auth.php:30
34,"Admin Panel",banners,api/admin/banners.php,delete,https://zenhomeexperts.com/api/admin/banners.php?action=delete,POST,"Admin session or Admin Bearer",Yes,Yes,id:int:required,data.id,"400, 401, 403, 404, 405, 409, 422, 500","banners, admin, admin_sessions","Admin panel","Delete a banner and its uploaded image.",Active,api/admin/modules/banners.php:97
35,"Admin Panel",banners,api/admin/banners.php,list,https://zenhomeexperts.com/api/admin/banners.php?action=list,GET,"Admin session or Admin Bearer",No,No,"placement:enum(Homepage Hero|Homepage Slider|Promotional):optional; search:string:optional; page:int:optional; limit:int:optional","data.items[] (id, title, placement, image, link, order, from, to, status, live), data.pagination{page,limit,total_items,total_pages}","400, 401, 403, 404, 405, 409, 500","banners, admin, admin_sessions","Admin panel","Paginated list of website banners with live flag.",Active,api/admin/modules/banners.php:26
36,"Admin Panel",banners,api/admin/banners.php,save,https://zenhomeexperts.com/api/admin/banners.php?action=save,POST,"Admin session or Admin Bearer",Yes,No,"id:int:optional; title:string:required; placement:enum(Homepage Hero|Homepage Slider|Promotional):required; order:int:required; link:string:optional; from:date:optional; to:date:optional; status:bool:optional; image:file:optional (required on create)","data (banner object); HTTP 201 on create, 200 on update","400, 401, 403, 404, 405, 409, 422, 500","banners, admin, admin_sessions","Admin panel","Create or update a banner with image upload and validity dates.",Active,api/admin/modules/banners.php:53
37,"Admin Panel",banners,api/admin/banners.php,set_status,https://zenhomeexperts.com/api/admin/banners.php?action=set_status,POST,"Admin session or Admin Bearer",Yes,No,"id:int:required; status:bool:optional","data.id, data.status","400, 401, 403, 404, 405, 409, 422, 500","banners, admin, admin_sessions","Admin panel","Activate or deactivate a banner.",Active,api/admin/modules/banners.php:86
38,"Admin Panel",bookings,api/admin/bookings.php,add_note,https://zenhomeexperts.com/api/admin/bookings.php?action=add_note,POST,"Admin session or Admin Bearer",Yes,No,"booking_id:int:required; note:string:required","data.note{id,admin_name,note,created_at} (HTTP 201)","400, 401, 403, 404, 405, 409, 422, 500","service_booking, users, service_partners, transactions, booking_notes, admin, admin_sessions","Admin panel","Adds an internal admin note to a booking.",Active,api/admin/modules/bookings.php:332
39,"Admin Panel",bookings,api/admin/bookings.php,assign,https://zenhomeexperts.com/api/admin/bookings.php?action=assign,POST,"Admin session or Admin Bearer",Yes,No,"booking_id:int:required; professional_id:int:required; note:string:optional; reassign_reason:string:optional; notify_customer:bool:optional","data.booking, data.notification{status,detail}","400, 401, 403, 404, 405, 409, 422, 500","service_booking, service_partners, users, transactions, booking_status_history, sms_templates, sms_log, customer_notifications, admin, admin_sessions","Admin panel","Assigns or reassigns an active professional (reason required on reassign), sets status Assigned, logs history and notifies the customer (default on).","Active - push hook is a stub (never delivered)",api/admin/modules/bookings.php:172
40,"Admin Panel",bookings,api/admin/bookings.php,cancel,https://zenhomeexperts.com/api/admin/bookings.php?action=cancel,POST,"Admin session or Admin Bearer",Yes,No,"booking_id:int:required; reason:string:required; details:string:optional; refund:bool:optional; notify:bool:optional","data.booking, data.refund_queued, data.notification{status,detail}","400, 401, 403, 404, 405, 409, 422, 500","service_booking, users, service_partners, transactions, coupons, booking_status_history, sms_templates, sms_log, customer_notifications, admin, admin_sessions","Admin panel","Cancels an open booking, releases coupon usage, optionally queues a refund (transactions.refund_status = Refund Pending) and notifies the customer.","Active - refund is only queued; PhonePe refund API not called (TODO); push hook is a stub",api/admin/modules/bookings.php:281
41,"Admin Panel",bookings,api/admin/bookings.php,counts,https://zenhomeexperts.com/api/admin/bookings.php?action=counts,GET,"Admin session or Admin Bearer",No,No,none,"data.New, data.Pending, data.Assigned, data.Ongoing, data.Completed, data.Cancelled, data.unassigned, data.total","400, 401, 403, 404, 405, 409, 500","service_booking, admin, admin_sessions","Admin panel","Booking counts per canonical status plus the unassigned queue.",Active,api/admin/modules/bookings.php:28
42,"Admin Panel",bookings,api/admin/bookings.php,get,https://zenhomeexperts.com/api/admin/bookings.php?action=get,GET,"Admin session or Admin Bearer",No,No,id:int:required,"data.booking, data.customer, data.payment, data.history[], data.notes[], data.notifications[], data.review","400, 401, 403, 404, 405, 409, 500","service_booking, users, service_partners, transactions, booking_status_history, booking_notes, customer_notifications, ratings_feedback, admin, admin_sessions","Admin panel","Full booking detail with customer, payment/refund, timeline, admin notes, notifications and review.",Active,api/admin/modules/bookings.php:55
43,"Admin Panel",bookings,api/admin/bookings.php,history,https://zenhomeexperts.com/api/admin/bookings.php?action=history,GET,"Admin session or Admin Bearer",No,No,id:int:required,"data.items[]{id,event,old_status,new_status,professional,note,notified,by,at}","400, 401, 403, 404, 405, 409, 500","service_booking, booking_status_history, service_partners, admin, admin_sessions","Admin panel","Booking status/assignment timeline.",Active,api/admin/modules/bookings.php:110
44,"Admin Panel",bookings,api/admin/bookings.php,list,https://zenhomeexperts.com/api/admin/bookings.php?action=list,GET,"Admin session or Admin Bearer",No,No,"page:int:optional; limit:int:optional; sort:enum(created|date|id):optional; dir:enum(asc|desc):optional; search:string:optional; status:enum(new|pending|assigned|ongoing|completed|cancelled|unassigned):optional; category:string:optional; payment_status:enum(paid|pending|failed|refunded):optional; professional_id:string:optional; customer_id:int:optional; date_from:date:optional; date_to:date:optional; created_from:date:optional; created_to:date:optional; with_counts:bool:optional","data.items[], data.pagination, data.counts (when with_counts)","400, 401, 403, 404, 405, 409, 422, 500","service_booking, users, service_partners, transactions, admin, admin_sessions","Admin panel","Filtered, paginated booking list (professional_id accepts an id or ""none"").",Active,api/admin/modules/bookings.php:11
45,"Admin Panel",bookings,api/admin/bookings.php,mark_paid,https://zenhomeexperts.com/api/admin/bookings.php?action=mark_paid,POST,"Admin session or Admin Bearer",Yes,No,booking_id:int:required,data.booking,"400, 401, 403, 404, 405, 409, 422, 500","service_booking, users, service_partners, transactions, booking_status_history, admin, admin_sessions","Admin panel","Records cash-on-service payment for a non-online, non-cancelled booking and logs it in history.",Active,api/admin/modules/bookings.php:347
46,"Admin Panel",bookings,api/admin/bookings.php,update_status,https://zenhomeexperts.com/api/admin/bookings.php?action=update_status,POST,"Admin session or Admin Bearer",Yes,No,"booking_id:int:required; status:enum(New|Pending|Assigned|Ongoing|Completed):required; remarks:string:optional; notify:bool:optional","data.booking, data.notification{status,detail}","400, 401, 403, 404, 405, 409, 422, 500","service_booking, users, service_partners, transactions, booking_status_history, sms_templates, sms_log, customer_notifications, admin, admin_sessions","Admin panel","Changes an open booking's status (Assigned/Ongoing/Completed need a professional), logs history and notifies the customer (default on).","Active - push hook is a stub (never delivered)",api/admin/modules/bookings.php:236
47,"Admin Panel",categories,api/admin/categories.php,delete,https://zenhomeexperts.com/api/admin/categories.php?action=delete,POST,"Admin session or Admin Bearer",Yes,Yes,id:int:required,data.id,"400, 401, 403, 404, 405, 409, 422, 500","service_category, service_subcategories, saverpacks, admin, admin_sessions","Admin panel","Delete an unused category (409 if it still has services or subcategories) and its uploaded images.",Active,api/admin/modules/categories.php:238
48,"Admin Panel",categories,api/admin/categories.php,get,https://zenhomeexperts.com/api/admin/categories.php?action=get,GET,"Admin session or Admin Bearer",No,No,id:int:required,"data (category: id, name, slug, slug_locked, url, image, app_image, cover_image, icon, web_icon, tagline, label, page_title, highlights, long_description, why_html, process_html, cta_html, faqs[], faqs_text, order, description, status, subcategories, services)","400, 401, 403, 404, 405, 409, 500","service_category, service_subcategories, saverpacks, admin, admin_sessions","Admin panel","Fetch one category with all app and website fields.",Active,api/admin/modules/categories.php:90
49,"Admin Panel",categories,api/admin/categories.php,list,https://zenhomeexperts.com/api/admin/categories.php?action=list,GET,"Admin session or Admin Bearer",No,No,"search:string:optional; status:enum(active|inactive):optional; page:int:optional; limit:int:optional","data.items[] (id, name, slug, url, image, cover_image, order, status, subcategories, services), data.pagination{page,limit,total_items,total_pages}","400, 401, 403, 404, 405, 409, 500","service_category, service_subcategories, saverpacks, admin, admin_sessions","Admin panel","Paginated, searchable list of service categories with subcategory/service counts.",Active,api/admin/modules/categories.php:55
50,"Admin Panel",categories,api/admin/categories.php,options,https://zenhomeexperts.com/api/admin/categories.php?action=options,GET,"Admin session or Admin Bearer",No,No,none,"data.items[] (id, name, status)","400, 401, 403, 404, 405, 409, 500","service_category, admin, admin_sessions","Admin panel","Category id/name pairs for dropdowns.",Active,api/admin/modules/categories.php:75
51,"Admin Panel",categories,api/admin/categories.php,save,https://zenhomeexperts.com/api/admin/categories.php?action=save,POST,"Admin session or Admin Bearer",Yes,No,"id:int:optional; name:string:required; order:int:required; icon:string:optional; description:string:optional; slug:string:optional; web_icon:string:optional; tagline:string:optional; label:string:optional; page_title:string:optional; highlights:string:optional; long_description:string:optional; why_html:string:optional; process_html:string:optional; cta_html:string:optional; faqs:string:optional; status:bool:optional; image:file:optional; cover_image:file:optional","data (category object as in get); HTTP 201 on create, 200 on update","400, 401, 403, 404, 405, 409, 422, 500","service_category, service_subcategories, saverpacks, admin, admin_sessions","Admin panel","Create or update a category including website fields, FAQs and image/cover uploads.",Active,api/admin/modules/categories.php:126
52,"Admin Panel",categories,api/admin/categories.php,set_status,https://zenhomeexperts.com/api/admin/categories.php?action=set_status,POST,"Admin session or Admin Bearer",Yes,No,"id:int:required; status:bool:optional","data.id, data.status","400, 401, 403, 404, 405, 409, 422, 500","service_category, service_subcategories, saverpacks, admin, admin_sessions","Admin panel","Activate or deactivate a category.",Active,api/admin/modules/categories.php:226
53,"Admin Panel",cms,api/admin/cms.php,get,https://zenhomeexperts.com/api/admin/cms.php?action=get,GET,"Admin session or Admin Bearer",No,No,slug:string:required,"data (page object + content)","400, 401, 403, 404, 405, 409, 500","cms_pages, admin, admin_sessions","Admin panel","Fetch one CMS page with its HTML content.",Active,api/admin/modules/cms.php:35
54,"Admin Panel",cms,api/admin/cms.php,list,https://zenhomeexperts.com/api/admin/cms.php?action=list,GET,"Admin session or Admin Bearer",No,No,"page:int:optional; limit:int:optional","data.items[] (id, slug, title, group, url, meta_title, meta_description, status, updated, has_content), data.pagination{page,limit,total_items,total_pages}","400, 401, 403, 404, 405, 409, 500","cms_pages, admin, admin_sessions","Admin panel","List CMS pages grouped by page group.",Active,api/admin/modules/cms.php:27
55,"Admin Panel",cms,api/admin/cms.php,save,https://zenhomeexperts.com/api/admin/cms.php?action=save,POST,"Admin session or Admin Bearer",Yes,No,"slug:string:required; title:string:required; content:string:required; meta_title:string:optional; meta_description:string:optional; status:enum(Draft|Published):optional","data (page object + content)","400, 401, 403, 404, 405, 409, 422, 500","cms_pages, admin, admin_sessions","Admin panel","Update an existing (seeded) CMS page with sanitized HTML and SEO meta, as draft or published.",Active,api/admin/modules/cms.php:45
56,"Admin Panel",coupons,api/admin/coupons.php,delete,https://zenhomeexperts.com/api/admin/coupons.php?action=delete,POST,"Admin session or Admin Bearer",Yes,Yes,id:int:required,data.id,"400, 401, 403, 404, 405, 409, 422, 500","coupons, admin, admin_sessions","Admin panel","Delete a coupon.",Active,api/admin/modules/coupons.php:124
57,"Admin Panel",coupons,api/admin/coupons.php,get,https://zenhomeexperts.com/api/admin/coupons.php?action=get,GET,"Admin session or Admin Bearer",No,No,id:int:required,"data (coupon object)","400, 401, 403, 404, 405, 409, 500","coupons, admin, admin_sessions","Admin panel","Fetch one coupon.",Active,api/admin/modules/coupons.php:67
58,"Admin Panel",coupons,api/admin/coupons.php,list,https://zenhomeexperts.com/api/admin/coupons.php?action=list,GET,"Admin session or Admin Bearer",No,No,"search:string:optional; type:enum(percentage|fixed):optional; validity:enum(active|scheduled|expired|inactive):optional; page:int:optional; limit:int:optional","data.items[] (id, code, description, type, value, max, min, from, to, limit, per_user, used, status, validity), data.pagination{page,limit,total_items,total_pages}","400, 401, 403, 404, 405, 409, 500","coupons, admin, admin_sessions","Admin panel","Paginated list of coupons with computed validity.",Active,api/admin/modules/coupons.php:29
59,"Admin Panel",coupons,api/admin/coupons.php,save,https://zenhomeexperts.com/api/admin/coupons.php?action=save,POST,"Admin session or Admin Bearer",Yes,No,"id:int:optional; code:string:required; type:enum(percentage|fixed):required; value:float:required; from:date:required; to:date:required; description:string:optional; max:float:optional; min:float:optional; limit:int:optional; per_user:int:optional; status:bool:optional","data (coupon object); HTTP 201 on create, 200 on update","400, 401, 403, 404, 405, 409, 422, 500","coupons, admin, admin_sessions","Admin panel","Create or update a coupon (unique 4-20 char code, percentage capped at 100).",Active,api/admin/modules/coupons.php:72
60,"Admin Panel",coupons,api/admin/coupons.php,set_status,https://zenhomeexperts.com/api/admin/coupons.php?action=set_status,POST,"Admin session or Admin Bearer",Yes,No,"id:int:required; status:bool:optional","data.id, data.status","400, 401, 403, 404, 405, 409, 422, 500","coupons, admin, admin_sessions","Admin panel","Activate or deactivate a coupon.",Active,api/admin/modules/coupons.php:113
61,"Admin Panel",customers,api/admin/customers.php,addresses,https://zenhomeexperts.com/api/admin/customers.php?action=addresses,GET,"Admin session or Admin Bearer",No,No,id:int:required,"data.items[]{label,line,landmark,default,used_at}","400, 401, 403, 404, 405, 409, 500","users, service_booking, transactions, admin, admin_sessions","Admin panel","Customer addresses derived from profile address and distinct booking addresses (no saved-address table).",Active,api/admin/modules/customers.php:139
62,"Admin Panel",customers,api/admin/customers.php,bookings,https://zenhomeexperts.com/api/admin/customers.php?action=bookings,GET,"Admin session or Admin Bearer",No,No,"id:int:required; page:int:optional; limit:int:optional","data.items[], data.pagination","400, 401, 403, 404, 405, 409, 500","users, service_booking, service_partners, transactions, admin, admin_sessions","Admin panel","Paginated bookings of one customer (default 50 per page).",Active,api/admin/modules/customers.php:160
63,"Admin Panel",customers,api/admin/customers.php,delete,https://zenhomeexperts.com/api/admin/customers.php?action=delete,POST,"Admin session or Admin Bearer",Yes,Yes,id:int:required,data.id,"400, 401, 403, 404, 405, 409, 422, 500","users, user_sessions, cart, service_booking, transactions, admin, admin_sessions","Admin panel","Deletes a customer with no bookings or payments (plus sessions and cart); otherwise 409.",Active,api/admin/modules/customers.php:209
64,"Admin Panel",customers,api/admin/customers.php,get,https://zenhomeexperts.com/api/admin/customers.php?action=get,GET,"Admin session or Admin Bearer",No,No,"id:int:required; limit:int:optional","data.customer, data.addresses[], data.bookings{items[],pagination}, data.payments{items[],pagination}","400, 401, 403, 404, 405, 409, 500","users, service_booking, service_partners, transactions, admin, admin_sessions","Admin panel","Customer profile with addresses, bookings and payments (limit default 100).",Active,api/admin/modules/customers.php:176
65,"Admin Panel",customers,api/admin/customers.php,list,https://zenhomeexperts.com/api/admin/customers.php?action=list,GET,"Admin session or Admin Bearer",No,No,"page:int:optional; limit:int:optional; sort:enum(name|joined|bookings):optional; dir:enum(asc|desc):optional; search:string:optional; status:enum(active|inactive):optional; city:string:optional; joined_from:date:optional; joined_to:date:optional; with_summary:bool:optional","data.items[], data.pagination, data.summary, data.cities[] (when with_summary)","400, 401, 403, 404, 405, 409, 500","users, service_booking, transactions, cities, admin, admin_sessions","Admin panel","Filtered, paginated customer list with booking count and spend.",Active,api/admin/modules/customers.php:99
66,"Admin Panel",customers,api/admin/customers.php,payments,https://zenhomeexperts.com/api/admin/customers.php?action=payments,GET,"Admin session or Admin Bearer",No,No,"id:int:required; page:int:optional; limit:int:optional","data.items[], data.pagination","400, 401, 403, 404, 405, 409, 500","users, service_booking, transactions, admin, admin_sessions","Admin panel","Paginated online and cash payments of one customer (default 50 per page).",Active,api/admin/modules/customers.php:168
67,"Admin Panel",customers,api/admin/customers.php,set_status,https://zenhomeexperts.com/api/admin/customers.php?action=set_status,POST,"Admin session or Admin Bearer",Yes,No,"id:int:required; status:bool:optional","data.id, data.status","400, 401, 403, 404, 405, 409, 422, 500","users, user_sessions, service_booking, transactions, admin, admin_sessions","Admin panel","Activates or deactivates a customer (writes 'Inactive') and logs them out of all devices on deactivation.",Active,api/admin/modules/customers.php:193
68,"Admin Panel",customers,api/admin/customers.php,summary,https://zenhomeexperts.com/api/admin/customers.php?action=summary,GET,"Admin session or Admin Bearer",No,No,none,"data.total, data.active, data.inactive, data.new_this_month","400, 401, 403, 404, 405, 409, 500","users, admin, admin_sessions","Admin panel","Customer totals (active/inactive/new this month).",Active,api/admin/modules/customers.php:121
69,"Admin Panel",dashboard,api/admin/dashboard.php,alerts,https://zenhomeexperts.com/api/admin/dashboard.php?action=alerts,GET,"Admin session or Admin Bearer",No,No,none,"data.items[]{icon,color,text,url,at,time,unread}, data.unread","400, 401, 403, 404, 405, 409, 500","service_booking, support_tickets, ratings_feedback, transactions, admin, admin_sessions","Admin panel","Topbar alerts derived from live data (new bookings, queue, high-priority tickets, pending reviews, recent payments) with unread flag vs alerts_read_at.",Active,api/admin/modules/dashboard.php:143
70,"Admin Panel",dashboard,api/admin/dashboard.php,alerts_read,https://zenhomeexperts.com/api/admin/dashboard.php?action=alerts_read,POST,"Admin session or Admin Bearer",Yes,No,none,"message only (data null)","400, 401, 403, 404, 405, 409, 500","admin, admin_sessions","Admin panel","Marks all topbar alerts read for the current admin (admin.alerts_read_at).",Active,api/admin/modules/dashboard.php:209
71,"Admin Panel",dashboard,api/admin/dashboard.php,badges,https://zenhomeexperts.com/api/admin/dashboard.php?action=badges,GET,"Admin session or Admin Bearer",No,No,none,"data.unassigned, data.open_tickets","400, 401, 403, 404, 405, 409, 500","service_booking, support_tickets, admin, admin_sessions","Admin panel","Sidebar badge counts (unassigned bookings, open tickets).",Active,api/admin/modules/dashboard.php:42
72,"Admin Panel",dashboard,api/admin/dashboard.php,charts,https://zenhomeexperts.com/api/admin/dashboard.php?action=charts,GET,"Admin session or Admin Bearer",No,No,none,"data.status{labels,data}, data.week{labels,dates,data}","400, 401, 403, 404, 405, 409, 500","service_booking, admin, admin_sessions","Admin panel","Chart data: bookings per status and bookings per day for the last 7 days.",Active,api/admin/modules/dashboard.php:65
73,"Admin Panel",dashboard,api/admin/dashboard.php,overview,https://zenhomeexperts.com/api/admin/dashboard.php?action=overview,GET,"Admin session or Admin Bearer",No,No,none,"data.stats, data.payment_summary, data.charts, data.unassigned, data.recent[]","400, 401, 403, 404, 405, 409, 500","users, service_booking, service_partners, transactions, support_tickets, ratings_feedback, admin, admin_sessions","Admin panel","Everything the dashboard page needs in one call (stats, payments, charts, assignment queue, recent bookings).",Active,api/admin/modules/dashboard.php:127
74,"Admin Panel",dashboard,api/admin/dashboard.php,payment_summary,https://zenhomeexperts.com/api/admin/dashboard.php?action=payment_summary,GET,"Admin session or Admin Bearer",No,No,none,"data.received, data.online, data.cash, data.pending, data.refunds, data.refunds_pending, data.online_share, data.received_this_month","400, 401, 403, 404, 405, 409, 500","transactions, service_booking, admin, admin_sessions","Admin panel","All-time money totals plus amount received this month.",Active,api/admin/modules/dashboard.php:58
75,"Admin Panel",dashboard,api/admin/dashboard.php,recent,https://zenhomeexperts.com/api/admin/dashboard.php?action=recent,GET,"Admin session or Admin Bearer",No,No,limit:int:optional,data.items[],"400, 401, 403, 404, 405, 409, 500","service_booking, users, service_partners, transactions, admin, admin_sessions","Admin panel","Most recent bookings (limit default 8, max 50).",Active,api/admin/modules/dashboard.php:119
76,"Admin Panel",dashboard,api/admin/dashboard.php,stats,https://zenhomeexperts.com/api/admin/dashboard.php?action=stats,GET,"Admin session or Admin Bearer",No,No,none,"data.customers, data.bookings, data.today, data.scheduled_today, data.new..cancelled, data.unassigned, data.open_tickets, data.high_priority_tickets, data.pending_reviews, data.customers_trend, data.bookings_trend","400, 401, 403, 404, 405, 409, 500","users, service_booking, support_tickets, ratings_feedback, admin, admin_sessions","Admin panel","KPI counts and month-over-month trends.",Active,api/admin/modules/dashboard.php:50
77,"Admin Panel",dashboard,api/admin/dashboard.php,unassigned,https://zenhomeexperts.com/api/admin/dashboard.php?action=unassigned,GET,"Admin session or Admin Bearer",No,No,limit:int:optional,"data.items[] (with overdue flag), data.total, data.overdue, data.upcoming","400, 401, 403, 404, 405, 409, 500","service_booking, users, service_partners, transactions, admin, admin_sessions","Admin panel","Assignment queue: unassigned New/Pending bookings, upcoming first then overdue (limit default 5, max 50).",Active,api/admin/modules/dashboard.php:99
78,"Admin Panel",home_packages,api/admin/home_packages.php,delete,https://zenhomeexperts.com/api/admin/home_packages.php?action=delete,POST,"Admin session or Admin Bearer",Yes,Yes,id:int:required,data.id,"400, 401, 403, 404, 405, 409, 422, 500","home_packages, service_category, saverpacks, admin, admin_sessions","Admin panel","Delete a homepage package card.",Active,api/admin/modules/home_packages.php:107
79,"Admin Panel",home_packages,api/admin/home_packages.php,list,https://zenhomeexperts.com/api/admin/home_packages.php?action=list,GET,"Admin session or Admin Bearer",No,No,"page:int:optional; limit:int:optional","data.items[] (id, title, label, icon, description, highlights, category_id, category, pack_id, service, link, button_text, featured, order, status), data.pagination{page,limit,total_items,total_pages}","400, 401, 403, 404, 405, 409, 500","home_packages, service_category, saverpacks, admin, admin_sessions","Admin panel","List homepage ""Smart Packages"" cards.",Active,api/admin/modules/home_packages.php:34
80,"Admin Panel",home_packages,api/admin/home_packages.php,save,https://zenhomeexperts.com/api/admin/home_packages.php?action=save,POST,"Admin session or Admin Bearer",Yes,No,"id:int:optional; title:string:required; order:int:required; label:string:optional; icon:string:optional; description:string:optional; highlights:string:optional; category_id:int:optional; pack_id:int:optional; link:string:optional; button_text:string:optional; featured:bool:optional; status:bool:optional (one of category_id, pack_id or link is required)","data (package object); HTTP 201 on create, 200 on update","400, 401, 403, 404, 405, 409, 422, 500","home_packages, service_category, saverpacks, admin, admin_sessions","Admin panel","Create or update a homepage package card linking to a category, service or custom link.",Active,api/admin/modules/home_packages.php:51
81,"Admin Panel",home_packages,api/admin/home_packages.php,set_status,https://zenhomeexperts.com/api/admin/home_packages.php?action=set_status,POST,"Admin session or Admin Bearer",Yes,No,"id:int:required; status:bool:optional","data.id, data.status","400, 401, 403, 404, 405, 409, 422, 500","home_packages, service_category, saverpacks, admin, admin_sessions","Admin panel","Activate or deactivate a homepage package card.",Active,api/admin/modules/home_packages.php:96
82,"Admin Panel",locations,api/admin/locations.php,area_delete,https://zenhomeexperts.com/api/admin/locations.php?action=area_delete,POST,"Admin session or Admin Bearer",Yes,Yes,id:int:required,data.id,"400, 401, 403, 404, 405, 409, 422, 500","serviceable_areas, admin, admin_sessions","Admin panel","Delete a serviceable area.",Active,api/admin/modules/locations.php:148
83,"Admin Panel",locations,api/admin/locations.php,area_save,https://zenhomeexperts.com/api/admin/locations.php?action=area_save,POST,"Admin session or Admin Bearer",Yes,No,"id:int:optional; name:string:required; pincode:string:required; city:string:optional; status:bool:optional","data.id; HTTP 201 on create, 200 on update","400, 401, 403, 404, 405, 409, 422, 500","serviceable_areas, cities, admin, admin_sessions","Admin panel","Create or update a serviceable area (6-digit PIN, optional city by id or name).",Active,api/admin/modules/locations.php:115
84,"Admin Panel",locations,api/admin/locations.php,area_services,https://zenhomeexperts.com/api/admin/locations.php?action=area_services,GET,"Admin session or Admin Bearer",No,No,area_id:int:required,"data.area_id, data.area, data.services[] (service ids)","400, 401, 403, 404, 405, 409, 500","serviceable_areas, area_services, admin, admin_sessions","Admin panel","Service ids offered in one area.",Active,api/admin/modules/locations.php:216
85,"Admin Panel",locations,api/admin/locations.php,area_status,https://zenhomeexperts.com/api/admin/locations.php?action=area_status,POST,"Admin session or Admin Bearer",Yes,No,"id:int:required; status:bool:optional","data.id, data.status","400, 401, 403, 404, 405, 409, 422, 500","serviceable_areas, admin, admin_sessions","Admin panel","Enable or disable a serviceable area.",Active,api/admin/modules/locations.php:143
86,"Admin Panel",locations,api/admin/locations.php,areas,https://zenhomeexperts.com/api/admin/locations.php?action=areas,GET,"Admin session or Admin Bearer",No,No,"search:string:optional; city_id:int:optional; page:int:optional; limit:int:optional","data.items[] (id, name, pincode, city_id, city, status, services, order), data.pagination{page,limit,total_items,total_pages}, data.total_services","400, 401, 403, 404, 405, 409, 500","serviceable_areas, cities, area_services, saverpacks, admin, admin_sessions","Admin panel","Paginated list of serviceable areas with mapped service counts.",Active,api/admin/modules/locations.php:88
87,"Admin Panel",locations,api/admin/locations.php,cities,https://zenhomeexperts.com/api/admin/locations.php?action=cities,GET,"Admin session or Admin Bearer",No,No,"search:string:optional; page:int:optional; limit:int:optional","data.items[] (id, name, state, status, areas, pincodes), data.pagination{page,limit,total_items,total_pages}","400, 401, 403, 404, 405, 409, 500","cities, serviceable_areas, pincodes, admin, admin_sessions","Admin panel","Paginated list of cities with area and PIN code counts.",Active,api/admin/modules/locations.php:27
88,"Admin Panel",locations,api/admin/locations.php,city_delete,https://zenhomeexperts.com/api/admin/locations.php?action=city_delete,POST,"Admin session or Admin Bearer",Yes,Yes,id:int:required,data.id,"400, 401, 403, 404, 405, 409, 422, 500","cities, serviceable_areas, pincodes, admin, admin_sessions","Admin panel","Delete a city that has no areas or PIN codes (409 otherwise).",Active,api/admin/modules/locations.php:76
89,"Admin Panel",locations,api/admin/locations.php,city_save,https://zenhomeexperts.com/api/admin/locations.php?action=city_save,POST,"Admin session or Admin Bearer",Yes,No,"id:int:optional; name:string:required; state:string:required; status:bool:optional","data.id; HTTP 201 on create, 200 on update","400, 401, 403, 404, 405, 409, 422, 500","cities, admin, admin_sessions","Admin panel","Create or update a city (unique per state).",Active,api/admin/modules/locations.php:49
90,"Admin Panel",locations,api/admin/locations.php,city_status,https://zenhomeexperts.com/api/admin/locations.php?action=city_status,POST,"Admin session or Admin Bearer",Yes,No,"id:int:required; status:bool:optional","data.id, data.status","400, 401, 403, 404, 405, 409, 422, 500","cities, admin, admin_sessions","Admin panel","Enable or disable a city.",Active,api/admin/modules/locations.php:71
91,"Admin Panel",locations,api/admin/locations.php,map_save,https://zenhomeexperts.com/api/admin/locations.php?action=map_save,POST,"Admin session or Admin Bearer",Yes,No,"area:int:required; services:array:optional","data.area_id, data.services[]","400, 401, 403, 404, 405, 409, 422, 500","serviceable_areas, saverpacks, area_services, admin, admin_sessions","Admin panel","Replace the set of services offered in an area (invalid service ids are dropped).",Active,api/admin/modules/locations.php:227
92,"Admin Panel",locations,api/admin/locations.php,pincode_delete,https://zenhomeexperts.com/api/admin/locations.php?action=pincode_delete,POST,"Admin session or Admin Bearer",Yes,Yes,id:int:required,data.id,"400, 401, 403, 404, 405, 409, 422, 500","pincodes, admin, admin_sessions","Admin panel","Delete a PIN code.",Active,api/admin/modules/locations.php:207
93,"Admin Panel",locations,api/admin/locations.php,pincode_save,https://zenhomeexperts.com/api/admin/locations.php?action=pincode_save,POST,"Admin session or Admin Bearer",Yes,No,"id:int:optional; code:string:required; city:string:required; area:string:optional; status:bool:optional","data.id; HTTP 201 on create, 200 on update","400, 401, 403, 404, 405, 409, 422, 500","pincodes, cities, admin, admin_sessions","Admin panel","Create or update a PIN code (unique, 6 digits) for a city given by id or name.",Active,api/admin/modules/locations.php:179
94,"Admin Panel",locations,api/admin/locations.php,pincode_status,https://zenhomeexperts.com/api/admin/locations.php?action=pincode_status,POST,"Admin session or Admin Bearer",Yes,No,"id:int:required; status:bool:optional","data.id, data.status","400, 401, 403, 404, 405, 409, 422, 500","pincodes, admin, admin_sessions","Admin panel","Enable or disable a PIN code.",Active,api/admin/modules/locations.php:202
95,"Admin Panel",locations,api/admin/locations.php,pincodes,https://zenhomeexperts.com/api/admin/locations.php?action=pincodes,GET,"Admin session or Admin Bearer",No,No,"search:string:optional; city_id:int:optional; page:int:optional; limit:int:optional","data.items[] (id, code, area, city_id, city, status), data.pagination{page,limit,total_items,total_pages}","400, 401, 403, 404, 405, 409, 500","pincodes, cities, admin, admin_sessions","Admin panel","Paginated list of PIN codes with city.",Active,api/admin/modules/locations.php:157
96,"Admin Panel",notifications,api/admin/notifications.php,history,https://zenhomeexperts.com/api/admin/notifications.php?action=history,GET,"Admin session or Admin Bearer",No,No,"page:int:optional; limit:int:optional; search:string:optional; type:string:optional; status:string:optional","data.items[]{id,title,message,type,type_label,audience,channel,recipients,status,detail,sent_at,booking_id,by}, data.pagination","400, 401, 403, 404, 405, 409, 500","customer_notifications, admin, admin_sessions","Admin panel","Paginated history of customer notifications (manual and automatic; default 100 per page).",Active,api/admin/modules/notifications.php:77
97,"Admin Panel",notifications,api/admin/notifications.php,send,https://zenhomeexperts.com/api/admin/notifications.php?action=send,POST,"Admin session or Admin Bearer",Yes,No,"type:enum(booking_confirmation|assignment|status_update|cancellation|payment|promotional|support):required; audience:enum(all|active|no_booking_30|city|booking|single):required; title:string:required; message:string:required; channels:array:required; schedule_at:date:optional; city:string:optional; target:string:optional","data.id, data.recipients, data.status, data.detail, data.channels (HTTP 201)","400, 401, 403, 404, 405, 409, 422, 500","users, service_booking, sms_templates, sms_log, customer_notifications, admin, admin_sessions","Admin panel","Composes a customer notification to an audience over push/sms/email channels, now or scheduled (city required for audience=city, target = booking id or mobile for booking/single).","Active - push and email hooks are stubs (never delivered); scheduled sends need cron/send_scheduled.php",api/admin/modules/notifications.php:21
98,"Admin Panel",notifications,api/admin/notifications.php,types,https://zenhomeexperts.com/api/admin/notifications.php?action=types,GET,"Admin session or Admin Bearer",No,No,none,"data.items{type_key: label}","400, 401, 403, 404, 405, 409, 500","admin, admin_sessions","Admin panel","Lists the notification types (static constant).",Active,api/admin/modules/notifications.php:16
99,"Admin Panel",payments,api/admin/payments.php,get,https://zenhomeexperts.com/api/admin/payments.php?action=get,GET,"Admin session or Admin Bearer",No,No,"id:string:optional; booking_id:int:optional","data.payment, data.refund, data.invoice_no, data.booking","400, 401, 403, 404, 405, 409, 422, 500","transactions, service_booking, users, service_partners, admin, admin_sessions","Admin panel","Invoice data for one payment by transaction id (e.g. ZC-..., CASH-<booking id>) or booking_id (one of them required).",Active,api/admin/modules/payments.php:34
100,"Admin Panel",payments,api/admin/payments.php,list,https://zenhomeexperts.com/api/admin/payments.php?action=list,GET,"Admin session or Admin Bearer",No,No,"page:int:optional; limit:int:optional; search:string:optional; method:enum(Online|Cash):optional; status:enum(Paid|Pending|Failed|Refunded):optional; refund:enum(Refund Pending|Processed):optional; customer_id:int:optional; booking_id:int:optional; date_from:date:optional; date_to:date:optional; with_summary:bool:optional","data.items[]{kind,id,txn,booking_id,customer,amount,method,gateway,status,refund,date}, data.pagination, data.summary (when with_summary)","400, 401, 403, 404, 405, 409, 500","transactions, service_booking, users, admin, admin_sessions","Admin panel","Paginated list of online (PhonePe) transactions plus cash-on-service bookings.",Active,api/admin/modules/payments.php:8
101,"Admin Panel",payments,api/admin/payments.php,refund_update,https://zenhomeexperts.com/api/admin/payments.php?action=refund_update,POST,"Admin session or Admin Bearer",Yes,Yes,"id:string:required; refund_status:enum(Refund Pending|Processed|None):required; amount:float:optional; note:string:optional","data.id, data.refund_status","400, 401, 403, 404, 405, 409, 422, 500","transactions, service_booking, booking_status_history, admin, admin_sessions","Admin panel","Manually records refund status/amount on an online transaction and logs it in the booking history.","Active - manual tracking only; PhonePe refund API not called (TODO)",api/admin/modules/payments.php:90
102,"Admin Panel",payments,api/admin/payments.php,summary,https://zenhomeexperts.com/api/admin/payments.php?action=summary,GET,"Admin session or Admin Bearer",No,No,"date_from:date:optional; date_to:date:optional","data.received, data.online, data.cash, data.pending, data.refunds, data.refunds_pending, data.online_share, data.online_count, data.cash_count","400, 401, 403, 404, 405, 409, 500","transactions, service_booking, admin, admin_sessions","Admin panel","Money totals for a date range plus online/cash payment counts.",Active,api/admin/modules/payments.php:28
103,"Admin Panel",professionals,api/admin/professionals.php,delete,https://zenhomeexperts.com/api/admin/professionals.php?action=delete,POST,"Admin session or Admin Bearer",Yes,Yes,id:int:required,data.id,"400, 401, 403, 404, 405, 409, 422, 500","service_partners, service_booking, ratings_feedback, admin, admin_sessions","Admin panel","Delete a professional with no booking history (409 otherwise).",Active,api/admin/modules/professionals.php:187
104,"Admin Panel",professionals,api/admin/professionals.php,get,https://zenhomeexperts.com/api/admin/professionals.php?action=get,GET,"Admin session or Admin Bearer",No,No,"id:int:required; jobs:enum(completed|current):optional; page:int:optional; limit:int:optional","data.professional (professional object + alternate_mobile, address, pincode), data.jobs{items[], pagination}","400, 401, 403, 404, 405, 409, 500","service_partners, service_booking, ratings_feedback, users, transactions, admin, admin_sessions","Admin panel","Fetch one professional with their paginated booking history.",Active,api/admin/modules/professionals.php:121
105,"Admin Panel",professionals,api/admin/professionals.php,jobs,https://zenhomeexperts.com/api/admin/professionals.php?action=jobs,GET,"Admin session or Admin Bearer",No,No,"id:int:required; jobs:enum(completed|current):optional; page:int:optional; limit:int:optional","data.items[] (booking rows), data.pagination{page,limit,total_items,total_pages}","400, 401, 403, 404, 405, 409, 500","service_partners, service_booking, ratings_feedback, users, transactions, admin, admin_sessions","Admin panel","Paginated bookings assigned to a professional (all, completed or current).",Active,api/admin/modules/professionals.php:101
106,"Admin Panel",professionals,api/admin/professionals.php,list,https://zenhomeexperts.com/api/admin/professionals.php?action=list,GET,"Admin session or Admin Bearer",No,No,"search:string:optional; category:string:optional; area:string:optional; status:enum(active|inactive|pending):optional; with_summary:bool:optional; page:int:optional; limit:int:optional","data.items[] (id, code, name, mobile, email, categories[], areas[], city, status, status_label, active_jobs, completed, rating, reviews), data.pagination{page,limit,total_items,total_pages}, data.summary + data.areas[] (when with_summary)","400, 401, 403, 404, 405, 409, 500","service_partners, service_booking, ratings_feedback, serviceable_areas, admin, admin_sessions","Admin panel","Paginated list of service professionals with job counts and ratings.",Active,api/admin/modules/professionals.php:64
107,"Admin Panel",professionals,api/admin/professionals.php,options,https://zenhomeexperts.com/api/admin/professionals.php?action=options,GET,"Admin session or Admin Bearer",No,No,category:string:optional,"data.items[] (professional object + match)","400, 401, 403, 404, 405, 409, 500","service_partners, service_booking, ratings_feedback, admin, admin_sessions","Admin panel","Active professionals for the assign modal, category matches and least busy first.",Active,api/admin/modules/professionals.php:80
108,"Admin Panel",professionals,api/admin/professionals.php,save,https://zenhomeexperts.com/api/admin/professionals.php?action=save,POST,"Admin session or Admin Bearer",Yes,No,"id:int:optional; name:string:required; mobile:string:required; category:string:required; areas:array:required; remarks:string:optional; status:bool:optional","data (professional object); HTTP 201 on create, 200 on update","400, 401, 403, 404, 405, 409, 422, 500","service_partners, service_booking, ratings_feedback, admin, admin_sessions","Admin panel","Create or update a professional (unique mobile); syncs technician name/phone onto their bookings.",Active,api/admin/modules/professionals.php:134
109,"Admin Panel",professionals,api/admin/professionals.php,set_status,https://zenhomeexperts.com/api/admin/professionals.php?action=set_status,POST,"Admin session or Admin Bearer",Yes,No,"id:int:required; status:bool:optional","data.id, data.status, data.active_jobs","400, 401, 403, 404, 405, 409, 422, 500","service_partners, service_booking, ratings_feedback, admin, admin_sessions","Admin panel","Activate or deactivate a professional (warns about active jobs).",Active,api/admin/modules/professionals.php:172
110,"Admin Panel",reports,api/admin/reports.php,run,https://zenhomeexperts.com/api/admin/reports.php?action=run,GET,"Admin session or Admin Bearer",No,No,"type:enum(booking|payment|customer|service|professional|date):required; from:date:optional; to:date:optional; page:int:optional; limit:int:optional","data.type, data.from, data.to, data.summary, data.items[], data.pagination","400, 401, 403, 404, 405, 409, 422, 500","service_booking, users, service_partners, transactions, ratings_feedback, saverpacks, service_category, service_subcategories, admin, admin_sessions","Admin panel","Runs a booking/payment/customer/service/professional/date-wise report for a date range (default last 7 days; date report max 366 days; default 100 rows per page).",Active,api/admin/modules/reports.php:23
111,"Admin Panel",reviews,api/admin/reviews.php,delete,https://zenhomeexperts.com/api/admin/reviews.php?action=delete,POST,"Admin session or Admin Bearer",Yes,Yes,id:int:required,data.id,"400, 401, 403, 404, 405, 409, 422, 500","ratings_feedback, admin, admin_sessions","Admin panel","Delete a review.",Active,api/admin/modules/reviews.php:122
112,"Admin Panel",reviews,api/admin/reviews.php,list,https://zenhomeexperts.com/api/admin/reviews.php?action=list,GET,"Admin session or Admin Bearer",No,No,"search:string:optional; rating:int:optional; status:enum(Pending|Approved|Hidden):optional; with_summary:bool:optional; page:int:optional; limit:int:optional","data.items[] (id, customer_id, customer, booking_id, booking, service, professional, rating, text, date, status, approved, featured), data.pagination{page,limit,total_items,total_pages}, data.summary (when with_summary)","400, 401, 403, 404, 405, 409, 500","ratings_feedback, users, service_booking, service_partners, admin, admin_sessions","Admin panel","Paginated list of customer ratings/reviews with booking, customer and professional details.",Active,api/admin/modules/reviews.php:37
113,"Admin Panel",reviews,api/admin/reviews.php,set_featured,https://zenhomeexperts.com/api/admin/reviews.php?action=set_featured,POST,"Admin session or Admin Bearer",Yes,No,"id:int:required; status:bool:optional","data.id, data.featured","400, 401, 403, 404, 405, 409, 422, 500","ratings_feedback, admin, admin_sessions","Admin panel","Feature or unfeature an approved review on the homepage testimonials (422 if not approved).",Active,api/admin/modules/reviews.php:105
114,"Admin Panel",reviews,api/admin/reviews.php,set_status,https://zenhomeexperts.com/api/admin/reviews.php?action=set_status,POST,"Admin session or Admin Bearer",Yes,No,"id:int:required; status:enum(approved|approve|hidden|hide):optional (any other value is read as a boolean: true = Approved)","data.id, data.status, data.approved","400, 401, 403, 404, 405, 409, 422, 500","ratings_feedback, admin, admin_sessions","Admin panel","Approve or hide a review (hiding also unfeatures it); records moderator and time.",Active,api/admin/modules/reviews.php:85
115,"Admin Panel",reviews,api/admin/reviews.php,summary,https://zenhomeexperts.com/api/admin/reviews.php?action=summary,GET,"Admin session or Admin Bearer",No,No,none,"data.total, data.average, data.approved, data.hidden, data.pending, data.distribution{5..1}","400, 401, 403, 404, 405, 409, 500","ratings_feedback, admin, admin_sessions","Admin panel","Review counts, average rating and star distribution.",Active,api/admin/modules/reviews.php:134
116,"Admin Panel",services,api/admin/services.php,delete,https://zenhomeexperts.com/api/admin/services.php?action=delete,POST,"Admin session or Admin Bearer",Yes,Yes,id:int:required,data.id,"400, 401, 403, 404, 405, 409, 422, 500","saverpacks, area_services, service_category, service_subcategories, service_booking, admin, admin_sessions","Admin panel","Delete a service's saverpacks rows and area mappings, plus its uploaded image.",Active,api/admin/modules/services.php:255
117,"Admin Panel",services,api/admin/services.php,get,https://zenhomeexperts.com/api/admin/services.php?action=get,GET,"Admin session or Admin Bearer",No,No,id:int:required,"data (service object as in list + description, ideal_for, highlights, included[] {id,title,description})","400, 401, 403, 404, 405, 409, 500","saverpacks, service_category, service_subcategories, service_booking, admin, admin_sessions","Admin panel","Fetch one service with its ""what's included"" items.",Active,api/admin/modules/services.php:108
118,"Admin Panel",services,api/admin/services.php,list,https://zenhomeexperts.com/api/admin/services.php?action=list,GET,"Admin session or Admin Bearer",No,No,"search:string:optional; category_id:int:optional; subcategory_id:int:optional; status:enum(enabled|disabled):optional; page:int:optional; limit:int:optional","data.items[] (id, name, category_id, category, subcategory_id, subcategory, price, mrp, duration, image, status, slug, tag, order, items, bookings), data.pagination{page,limit,total_items,total_pages}","400, 401, 403, 404, 405, 409, 500","saverpacks, service_category, service_subcategories, service_booking, admin, admin_sessions","Admin panel","Paginated list of services (saverpacks groups) with category, subcategory and booking counts.",Active,api/admin/modules/services.php:55
119,"Admin Panel",services,api/admin/services.php,options,https://zenhomeexperts.com/api/admin/services.php?action=options,GET,"Admin session or Admin Bearer",No,No,none,"data.items[] (id, name, category_id, category, status)","400, 401, 403, 404, 405, 409, 500","saverpacks, service_category, admin, admin_sessions","Admin panel","Service id/name/category list for pickers (e.g. location service map).",Active,api/admin/modules/services.php:84
120,"Admin Panel",services,api/admin/services.php,save,https://zenhomeexperts.com/api/admin/services.php?action=save,POST,"Admin session or Admin Bearer",Yes,No,"id:int:optional; name:string:required; description:string:required; price:float:required; category:string:required; mrp:float:optional; duration:string:optional; ideal_for:string:optional; included:string:optional; slug:string:optional; tag:string:optional; highlights:string:optional; order:int:optional; status:bool:optional; subcategory:string:optional; image:file:optional","data (service object with included[]); HTTP 201 on create, 200 on update","400, 401, 403, 404, 405, 409, 422, 500","saverpacks, service_category, service_subcategories, service_booking, admin, admin_sessions","Admin panel","Create or update a service, rewriting its saverpacks rows (one per included item) in a transaction, with optional image upload.",Active,api/admin/modules/services.php:138
121,"Admin Panel",services,api/admin/services.php,set_status,https://zenhomeexperts.com/api/admin/services.php?action=set_status,POST,"Admin session or Admin Bearer",Yes,No,"id:int:required; status:bool:optional","data.id, data.status","400, 401, 403, 404, 405, 409, 422, 500","saverpacks, service_category, service_subcategories, service_booking, admin, admin_sessions","Admin panel","Enable or disable all saverpacks rows of a service.",Active,api/admin/modules/services.php:244
122,"Admin Panel",settings,api/admin/settings.php,get,https://zenhomeexperts.com/api/admin/settings.php?action=get,GET,"Admin session or Admin Bearer",No,No,none,"data.groups[], data.items[] (key, label, type, group, help, value, default, fallback, image)","400, 401, 403, 404, 405, 409, 500","site_settings, admin, admin_sessions","Admin panel","List all site settings with stored values and defaults (definitions from api/site_settings_helper.php).",Active,api/admin/modules/settings.php:9
123,"Admin Panel",settings,api/admin/settings.php,save,https://zenhomeexperts.com/api/admin/settings.php?action=save,POST,"Admin session or Admin Bearer",Yes,Yes,"hero_tag:string:optional; hero_subtitle:string:optional; hero_rating_value:string:optional; hero_bookings_text:string:optional; footer_cta_tag:string:optional; footer_cta_heading:string:optional; footer_cta_text:string:optional; footer_service_area_text:string:optional; trust_item_1:string:optional; trust_item_2:string:optional; trust_item_3:string:optional; trust_item_4:string:optional; company_name:string:optional; phone:string:optional; support_phone:string:optional; email:string:optional; whatsapp:string:optional; address:string:optional; map_query:string:optional; working_hours:string:optional; facebook_url:string:optional; instagram_url:string:optional; youtube_url:string:optional; play_store_url:string:optional; app_store_url:string:optional; app_qr_link:string:optional; footer_text:string:optional; admin_alert_enabled:bool:optional; admin_alert_mobiles:string:optional; app_qr_image:file:optional; logo:file:optional; favicon:file:optional; about_image_1:file:optional; about_image_2:file:optional; contact_image:file:optional; remove_app_qr_image:bool:optional; remove_favicon:bool:optional","data.saved[] (keys saved); no data when nothing to save","400, 401, 403, 404, 405, 409, 422, 500","site_settings, admin, admin_sessions","Admin panel","Upsert submitted site settings (text, phone, email, URL, bool, admin alert mobiles) and image uploads in a transaction.",Active,api/admin/modules/settings.php:74
124,"Admin Panel",sms,api/admin/sms.php,gateway,https://zenhomeexperts.com/api/admin/sms.php?action=gateway,GET,"Admin session or Admin Bearer",No,No,none,"data.ready, data.message","400, 401, 403, 404, 405, 409, 500","admin, admin_sessions","Admin panel","Reports whether the SMS gateway is enabled and configured (no credentials exposed).",Active,api/admin/modules/sms.php:28
125,"Admin Panel",sms,api/admin/sms.php,log,https://zenhomeexperts.com/api/admin/sms.php?action=log,GET,"Admin session or Admin Bearer",No,No,"page:int:optional; limit:int:optional; search:string:optional; status:string:optional; booking_id:int:optional","data.items[]{id,mobile,template,message,recipients,status,detail,sent_at,booking_id}, data.pagination","400, 401, 403, 404, 405, 409, 500","sms_log, sms_templates, admin, admin_sessions","Admin panel","Paginated SMS send log with provider outcome (default 100 per page).",Active,api/admin/modules/sms.php:140
126,"Admin Panel",sms,api/admin/sms.php,send_promo,https://zenhomeexperts.com/api/admin/sms.php?action=send_promo,POST,"Admin session or Admin Bearer",Yes,No,"audience:enum(all|active|inactive_30|custom):required; message:string:required; coupon:string:optional; schedule_at:date:optional; mobiles:string:optional","data.recipients, data.audience, data.status, data.detail, data.channels (HTTP 201)","400, 401, 403, 404, 405, 409, 422, 500","users, service_booking, coupons, sms_templates, sms_log, admin, admin_sessions","Admin panel","Sends or schedules a promotional SMS campaign to an audience (mobiles list required for custom, max 1000; optional active coupon placeholders).","Active - scheduled campaigns need cron/send_scheduled.php",api/admin/modules/sms.php:72
127,"Admin Panel",sms,api/admin/sms.php,send_test,https://zenhomeexperts.com/api/admin/sms.php?action=send_test,POST,"Admin session or Admin Bearer",Yes,No,message:string:required,"data.status, data.detail, data.log_id","400, 401, 403, 404, 405, 409, 422, 500","sms_templates, sms_log, admin, admin_sessions","Admin panel","Sends a test SMS (promotional template DLT id) to the logged-in admin's own mobile; 409 if not sent.",Active,api/admin/modules/sms.php:127
128,"Admin Panel",sms,api/admin/sms.php,template_save,https://zenhomeexperts.com/api/admin/sms.php?action=template_save,POST,"Admin session or Admin Bearer",Yes,No,"id:int:required; name:string:required; dlt_id:string:optional; body:string:required; status:bool:optional","data.id, data.key, data.name, data.dlt_id, data.body, data.status, data.updated","400, 401, 403, 404, 405, 409, 422, 500","sms_templates, admin, admin_sessions","Admin panel","Updates an existing SMS template (19-digit DLT id, only known {variables}).",Active,api/admin/modules/sms.php:36
129,"Admin Panel",sms,api/admin/sms.php,template_status,https://zenhomeexperts.com/api/admin/sms.php?action=template_status,POST,"Admin session or Admin Bearer",Yes,No,"id:int:required; status:bool:optional","data.id, data.status","400, 401, 403, 404, 405, 409, 422, 500","sms_templates, admin, admin_sessions","Admin panel","Activates or deactivates an SMS template.",Active,api/admin/modules/sms.php:57
130,"Admin Panel",sms,api/admin/sms.php,templates,https://zenhomeexperts.com/api/admin/sms.php?action=templates,GET,"Admin session or Admin Bearer",No,No,none,"data.items[]{id,key,name,dlt_id,body,status,updated}, data.variables[]","400, 401, 403, 404, 405, 409, 500","sms_templates, admin, admin_sessions","Admin panel","Lists SMS templates and the allowed placeholder variables.",Active,api/admin/modules/sms.php:21
131,"Admin Panel",subcategories,api/admin/subcategories.php,delete,https://zenhomeexperts.com/api/admin/subcategories.php?action=delete,POST,"Admin session or Admin Bearer",Yes,Yes,id:int:required,data.id,"400, 401, 403, 404, 405, 409, 422, 500","service_subcategories, service_category, saverpacks, admin, admin_sessions","Admin panel","Delete a subcategory that has no services (409 otherwise).",Active,api/admin/modules/subcategories.php:117
132,"Admin Panel",subcategories,api/admin/subcategories.php,get,https://zenhomeexperts.com/api/admin/subcategories.php?action=get,GET,"Admin session or Admin Bearer",No,No,id:int:required,"data (id, category_id, category, name, slug, order, status, services)","400, 401, 403, 404, 405, 409, 500","service_subcategories, service_category, saverpacks, admin, admin_sessions","Admin panel","Fetch one subcategory.",Active,api/admin/modules/subcategories.php:61
133,"Admin Panel",subcategories,api/admin/subcategories.php,list,https://zenhomeexperts.com/api/admin/subcategories.php?action=list,GET,"Admin session or Admin Bearer",No,No,"search:string:optional; category_id:int:optional; status:enum(active|inactive):optional; page:int:optional; limit:int:optional","data.items[] (id, category_id, category, name, slug, order, status, services), data.pagination{page,limit,total_items,total_pages}","400, 401, 403, 404, 405, 409, 500","service_subcategories, service_category, saverpacks, admin, admin_sessions","Admin panel","Paginated list of subcategories with category name and service counts.",Active,api/admin/modules/subcategories.php:29
134,"Admin Panel",subcategories,api/admin/subcategories.php,save,https://zenhomeexperts.com/api/admin/subcategories.php?action=save,POST,"Admin session or Admin Bearer",Yes,No,"id:int:optional; name:string:required; category:string:required; order:int:optional; slug:string:optional; status:bool:optional","data (subcategory object); HTTP 201 on create, 200 on update","400, 401, 403, 404, 405, 409, 422, 500","service_subcategories, service_category, saverpacks, admin, admin_sessions","Admin panel","Create or update a subcategory (category given by id or exact name); unlinks services when moved to another category.",Active,api/admin/modules/subcategories.php:66
135,"Admin Panel",subcategories,api/admin/subcategories.php,set_status,https://zenhomeexperts.com/api/admin/subcategories.php?action=set_status,POST,"Admin session or Admin Bearer",Yes,No,"id:int:required; status:bool:optional","data.id, data.status","400, 401, 403, 404, 405, 409, 422, 500","service_subcategories, service_category, saverpacks, admin, admin_sessions","Admin panel","Activate or deactivate a subcategory.",Active,api/admin/modules/subcategories.php:106
136,"Admin Panel",tickets,api/admin/tickets.php,add_remark,https://zenhomeexperts.com/api/admin/tickets.php?action=add_remark,POST,"Admin session or Admin Bearer",Yes,No,"id:int:required; remark:string:required","data.remark{from,name,time,text} (HTTP 201)","400, 401, 403, 404, 405, 409, 422, 500","support_tickets, support_ticket_messages, users, service_booking, admin, admin_sessions","Admin panel","Adds an internal (admin-only) remark to a ticket.",Active,api/admin/modules/tickets.php:183
137,"Admin Panel",tickets,api/admin/tickets.php,get,https://zenhomeexperts.com/api/admin/tickets.php?action=get,GET,"Admin session or Admin Bearer",No,No,id:int:required,"data.ticket, data.messages[], data.remarks[], data.booking","400, 401, 403, 404, 405, 409, 500","support_tickets, support_ticket_messages, users, service_booking, service_partners, transactions, admin, admin_sessions","Admin panel","Ticket detail with customer conversation, internal remarks and linked booking.",Active,api/admin/modules/tickets.php:95
138,"Admin Panel",tickets,api/admin/tickets.php,list,https://zenhomeexperts.com/api/admin/tickets.php?action=list,GET,"Admin session or Admin Bearer",No,No,"page:int:optional; limit:int:optional; search:string:optional; status:enum(Open|Closed):optional; priority:enum(High|Medium|Low):optional; category:enum(Booking|Payment|Service|Account|General):optional; customer_id:int:optional; with_summary:bool:optional","data.items[], data.pagination, data.summary{open,closed,high_priority,avg_resolution_minutes} (when with_summary)","400, 401, 403, 404, 405, 409, 500","support_tickets, users, service_booking, admin, admin_sessions","Admin panel","Paginated support ticket list (open and high priority first; default 100 per page).",Active,api/admin/modules/tickets.php:44
139,"Admin Panel",tickets,api/admin/tickets.php,reply,https://zenhomeexperts.com/api/admin/tickets.php?action=reply,POST,"Admin session or Admin Bearer",Yes,No,"id:int:required; message:string:required; close:bool:optional","data.id, data.closed, data.notification{status,detail}","400, 401, 403, 404, 405, 409, 422, 500","support_tickets, support_ticket_messages, users, service_booking, customer_notifications, admin, admin_sessions","Admin panel","Posts an admin reply to the ticket conversation (optionally closing it, reopening if closed) and logs a push notification attempt.","Active - push hook is a stub (never delivered)",api/admin/modules/tickets.php:137
140,"Admin Panel",tickets,api/admin/tickets.php,update,https://zenhomeexperts.com/api/admin/tickets.php?action=update,POST,"Admin session or Admin Bearer",Yes,No,"id:int:required; status:enum(Open|Closed):required; priority:enum(High|Medium|Low):required","data.id, data.status, data.priority","400, 401, 403, 404, 405, 409, 422, 500","support_tickets, support_ticket_messages, users, service_booking, admin, admin_sessions","Admin panel","Changes ticket status and priority, logging the change as an internal remark.",Active,api/admin/modules/tickets.php:160
141,"Public Content",banners,api/banners.php,,https://zenhomeexperts.com/api/banners.php,GET,None,No,No,"placement:enum(Homepage Hero|Homepage Slider|Promotional):optional; page:int:optional; limit:int:optional","data.items[]{id,title,placement,image,image_url,link,link_url,order,valid_to}, data.pagination (ETag, 304 when unchanged)","304, 405, 422, 500",banners,"Mobile app","Lists active, in-date banners by placement for the apps.",Active,api/banners.php:17
142,"Public Content",catalog,api/catalog_categories.php,,https://zenhomeexperts.com/api/catalog_categories.php,GET,None,No,No,"category:string:optional; slug:string:optional; id:int:optional; page:int:optional; limit:int:optional","list: data.items[]{id,slug,name,title,description,image_url,cover_image_url,url,subcategory_count,service_count}, data.pagination; single: data.item (ETag, 304 when unchanged)","304, 404, 405, 500","service_category, service_subcategories, saverpacks","Mobile app","Lists active service categories, or returns one by id/slug.",Active,api/catalog_categories.php:20
143,"Public Content",catalog,api/catalog_services.php,,https://zenhomeexperts.com/api/catalog_services.php,GET,None,No,No,"category:string:optional; subcategory:string:optional; slug:string:optional; ids:string:optional; slugs:string:optional; page:int:optional; limit:int:optional","data.items[]{id,pack_id,slug,name,category_id,category,subcategory,price,mrp,duration,description,highlights[],included[],image_url,url}, data.pagination (ETag, 304 when unchanged)","304, 404, 405, 422, 500","saverpacks, service_category, service_subcategories","Website, Mobile app","Lists enabled services filtered by category/subcategory/slug or ids/slugs (cart refresh).",Active,api/catalog_services.php:21
144,"Public Content",catalog,api/catalog_subcategories.php,,https://zenhomeexperts.com/api/catalog_subcategories.php,GET,None,No,No,category:string:required,"data.category{id,slug,name}, data.items[]{id,category_id,slug,name,service_count}, data.pagination (ETag, 304 when unchanged)","304, 404, 405, 422, 500","service_category, service_subcategories, saverpacks",Unknown,"Lists active subcategories of an active category (by id or slug; alias param category_id).",Active,api/catalog_subcategories.php:15
145,"Public Content",catalog,api/category.php,,https://zenhomeexperts.com/api/category.php,"GET, POST",None,No,No,include_disabled:bool:optional,"status, categories[]{CATEGORY_ID,NAME,IMAGE}",500,service_category,"Mobile app","Old app category list (active categories; ?include_disabled=1 returns all).","Active - note: public include_disabled=1 exposes disabled categories; 500 response leaks the exception message; no method check",api/category.php:9
146,"Public Content",catalog,api/fetchCategoryDetails.php,,https://zenhomeexperts.com/api/fetchCategoryDetails.php,GET,None,No,No,packid:int:required,"status, data (full saverpacks row, SELECT *)","none (errors returned with HTTP 200)",saverpacks,Unknown,"Returns one saverpacks service row by packid.","Legacy - no caller found in repo; returns all columns including disabled packs, errors sent with HTTP 200 (message 'User not found.'), DB error text leaked in response, no CORS/Content-Type header",api/fetchCategoryDetails.php:7
147,"Public Content",cms,api/cms_pages.php,,https://zenhomeexperts.com/api/cms_pages.php,GET,None,No,No,"slug:string:optional; page:int:optional; limit:int:optional","with slug: data{slug,title,group,url,content,meta_title,meta_description,updated}; list: data.items[], data.pagination","404, 405, 422, 500",cms_pages,"Mobile app","Returns one published CMS page (sanitized HTML) by slug, or lists published pages without content.",Active,api/cms_pages.php:18
148,"Public Content",locations,api/fetch_serviceable_areas.php,,https://zenhomeexperts.com/api/fetch_serviceable_areas.php,GET,None,No,No,include_disabled:bool:optional,"serviceable_areas[]{id,name,pincode,label,value}",500,"serviceable_areas, cities",Unknown,"Lists active serviceable areas (with active cities) for the address dropdown.","Active - note: public include_disabled=1 exposes disabled areas; DB errors are uncaught (500); no method check",api/fetch_serviceable_areas.php:14
149,"Public Content",packages,api/home_packages.php,,https://zenhomeexperts.com/api/home_packages.php,GET,None,No,No,"page:int:optional; limit:int:optional","data.items[]{id,title,label,icon,description,highlights[],url,url_full,button_text,featured,category_id,pack_id,price,order}, data.pagination (ETag, 304 when unchanged)","304, 405, 500","home_packages, saverpacks, service_category, service_subcategories","Mobile app","Lists active homepage Smart Package cards whose linked category/service is live, with live service price.",Active,api/home_packages.php:17
150,"Public Content",settings,api/site_settings.php,,https://zenhomeexperts.com/api/site_settings.php,GET,None,No,No,none,"data.settings{company_name,phone,email,whatsapp_url,address_lines[],social/app links,logo,...} (only keys with a value; ETag, 304 when unchanged)","304, 405, 500",site_settings,Unknown,"Returns public website settings (contact details, social/app links, images as absolute URLs).",Active,api/site_settings.php:21
151,"Payments & Webhooks",payments,api/payment_callback.php,,https://zenhomeexperts.com/api/payment_callback.php,GET,None,No,No,"status:string:optional; state:string:optional; transactionId:string:optional; merchantTransactionId:string:optional; orderId:string:optional","302 redirect to PAYMENT_CALLBACK_BASE_URL (or APP_URL) with ?payment=success|failed&txn=<id>","none (always 302 redirect)",none,Unknown,"Browser return URL after PhonePe checkout (intended PHONEPE_REDIRECT_URL target) that redirects to the site with a success/failed flag.","Active - result comes from the query string only, not verified with PhonePe (display redirect, no DB change); no repo caller found",api/payment_callback.php:5
152,"Payments & Webhooks",payments,api/payment_verify.php,,https://zenhomeexperts.com/api/payment_verify.php,"GET, POST",None,No,No,transaction_id:string:required,"status (success|failed|pending), state, data.transaction_id, data.amount, data.payment_details",400,none,Unknown,"Checks a PhonePe order's status via the SDK and returns state, amount and payment details (no DB update).","Active - insecure: no auth, returns PhonePe state, amount and payment details for any order id; transactionId alias accepted; no repo caller found",api/payment_verify.php:19
153,"Payments & Webhooks",payments,api/payment_webhook.php,,https://zenhomeexperts.com/api/payment_webhook.php,POST,"Webhook signature (Authorization header must equal SHA256 of PHONEPE_WEBHOOK_USERNAME:PHONEPE_WEBHOOK_PASSWORD; body is not signed)",No,No,"PhonePe callback JSON body:object:required (payload.merchantOrderId:string, payload.state:string)","status (ok|duplicate|unknown_order|ignored), transaction_id, applied_status, previous_status, current_status","200, 401, 500","transactions, cart, service_booking, users, service_partners, sms_templates, sms_log, customer_notifications, site_settings",Unknown,"PhonePe server-to-server webhook: updates transactions.status, clears the customer's cart on success and sends booking-confirmed SMS for website 'ZC-' orders.","Active - auth is a static shared-secret hash (if both webhook env values are empty the accepted value is SHA256 of ':'); no HTTP method check; push hook is a stub that never sends",api/payment_webhook.php:30
154,"Payments & Webhooks",payments,api/payments.php,,https://zenhomeexperts.com/api/payments.php,POST,"Customer Bearer token",No,No,"amount:float:required; order_id:string:optional; message:string:optional","success, payment_url, transaction_id","400, 401, 404, 500","transactions, service_booking, user_sessions, users",Website,"Starts a PhonePe v2 Standard Checkout payment for the logged-in customer and records a pending transaction (website orders 'ZC-<booking id>' are charged the server-side booking price).","Active - amount is client-supplied for order ids not in 'ZC-<booking id>' format (or when the booking price is 0/null); orderId alias accepted",api/payments.php:25
155,"Payments & Webhooks",payments,api/payments.php,,https://zenhomeexperts.com/api/payments.php,GET,"Admin-Token header",No,No,"page:int:optional; limit:int:optional; status:string:optional; date_from:date:optional; date_to:date:optional; search:string:optional","success, data.meta{page,limit,total,pages}, data.transactions[]{id,user,amount,status,method,date,last_updated}","400, 401, 500",transactions,Unknown,"Legacy paginated transaction list for admins; Admin-Token header must equal env ADMIN_SECRET (401 when ADMIN_SECRET is empty).","Legacy - Admin-Token only (no admin session/Bearer); limit=0 causes division-by-zero 500; current admin panel uses api/admin/payments.php instead",api/payments.php:101
156,"Legacy (old app/admin)",auth,api/admin/login.php,,https://zenhomeexperts.com/api/admin/login.php,POST,None,No,No,"email:string:required; password:string:required","message, user (admin row without password/reset/lockout fields), token (30-day admin Bearer, null if admin_sessions is missing)",500,"admin, admin_sessions",Unknown,"Old admin login: checks email/password against the admin table (bcrypt or legacy plain text) and issues a 30-day admin Bearer token in admin_sessions.","Legacy - insecure: no failed-login counting, lockout or rate limit (ignores locked_until), so it bypasses the lockout of the admin panel login; all failures return HTTP 200 with only a message",api/admin/login.php:20
157,"Legacy (old app/admin)",bookings,api/admin/assignTechnician.php,,https://zenhomeexperts.com/api/admin/assignTechnician.php,POST,"Admin session or Admin Bearer or Admin-Token header",Yes,No,"userId:int:required; technicianName:string:required; technicianPhone:string:required; bookingId:int:optional; uniqueBookingId:string:optional","status, message, booking_id (+ sms_sent in strict mode)","401, 403, 404, 422, 500","service_booking, admin, admin_sessions",Unknown,"Assigns a technician (name/phone) to a customer's booking(s), sets status technician_assigned and stores a hashed 6-digit completion OTP.","Legacy - insecure in default mode (LEGACY_ASSIGN_STRICT=false): updates ALL of the customer's bookings with one new booking id and returns the OTP in the response message (test mode hard-coded, no SMS); strict mode assigns one booking, needs bookingId or uniqueBookingId, and sends the OTP by SMS via api/sms_sender.php, which has the gateway credentials hard-coded rather than in .env; DB error text is echoed in the default mode",api/admin/assignTechnician.php:21
158,"Legacy (old app/admin)",bookings,api/admin/confirm_bookings.php,,https://zenhomeexperts.com/api/admin/confirm_bookings.php,POST,"Admin session or Admin Bearer or Admin-Token header",Yes,No,user_id:int:required,"status, message","400, 401, 403, 404, 500","service_booking, admin, admin_sessions",Unknown,"Sets every 'pending' booking of a customer to 'booking confirmed'.","Legacy - only matches status exactly 'pending'; new bookings are written as 'Pending Confirmation' (api/admin/core/status.php), so for them it returns 404 and confirms nothing; DB error text is echoed on 500",api/admin/confirm_bookings.php:23
159,"Legacy (old app/admin)",bookings,api/admin/fetch_bookings.php,,https://zenhomeexperts.com/api/admin/fetch_bookings.php,POST,"Admin session or Admin Bearer or Admin-Token header",Yes,No,status:string:required,"status, message, data[] (full service_booking rows)","400, 401, 403, 500","service_booking, admin, admin_sessions",Unknown,"Lists all bookings whose raw status equals the given value (status read from the JSON body).","Legacy - returns SELECT * rows, including the hashed technician OTP; DB error text is echoed on 500",api/admin/fetch_bookings.php:23
160,"Legacy (old app/admin)",bookings,api/admin/manageTimeSlot.php,,https://zenhomeexperts.com/api/admin/manageTimeSlot.php,POST,"Admin session or Admin Bearer or Admin-Token header",Yes,No,"userId:int:required; newSlot:string:required","status, message","401, 403, 404, 500","service_booking, admin, admin_sessions",Unknown,"Changes the service slot of all of a customer's technician_assigned bookings.","Legacy - updates every assigned booking of the user (no booking id); newSlot is not validated (an empty slot is accepted)",api/admin/manageTimeSlot.php:21
161,"Legacy (old app/admin)",bookings,api/book_appointment.php,,https://zenhomeexperts.com/api/book_appointment.php,POST,"None (Customer Bearer token when LEGACY_STRICT_AUTH=true)",No,No,"category:string:required; service_slot:string:required; date:date:required; location:string:required; user_id:int:required; subcategories:string:optional; landmark:string:optional; payment_method:enum(cash|online):optional; amount:float:optional; items:array:optional; coupon_code:string:optional","status, message, unique_booking_id, amount, discount, amount_payable, coupon","401, 403, 409, 422, 500, 503","service_booking, coupons, saverpacks, service_category, legacy_access_log, user_sessions, users, sms_templates, sms_log, customer_notifications, site_settings, service_partners, transactions","Website, Mobile app","Creates a service booking (prices from saverpacks when items are sent, applies coupons) and sends booking-confirmed SMS for cash or zero-payable bookings.","Legacy - insecure when LEGACY_STRICT_AUTH=false: anyone can create bookings and redeem coupons for any user_id without login (a token, if sent, must match user_id -> 403); missing fields return HTTP 200 with status error; still the live website booking endpoint",api/book_appointment.php:29
162,"Legacy (old app/admin)",bookings,api/checkSlot.php,,https://zenhomeexperts.com/api/checkSlot.php,POST,"None (Customer Bearer token when LEGACY_STRICT_AUTH=true)",No,No,date:date:required,"status, message, data[] (available time slots)","400, 401, 500","service_booking, legacy_access_log, user_sessions, users","Website, Mobile app","Returns the fixed hourly slots (10 AM-6 PM) not yet booked on a given date.","Legacy - when LEGACY_STRICT_AUTH=false exposes only which slots are booked per date (low risk); a slot booked by anyone blocks it for everyone; DB error text leaked in 500",api/checkSlot.php:10
163,"Legacy (old app/admin)",bookings,api/serviceBooking.php,,https://zenhomeexperts.com/api/serviceBooking.php,POST,"None (Customer Bearer token when LEGACY_STRICT_AUTH=true)",No,No,"category:string:required; subcategories:array:required; date:date:required; location:string:required; user_id:int:required; service_slot:string:required; created_at:string:required; status:string:required; price:int:required; technician_name:string:required; landmark:string:optional","status, message, unique_booking_id (SERVICY-nnnnn), subcategories","400, 401, 403, 500","service_booking, legacy_access_log, user_sessions, users","Mobile app","Old-app booking creation that stores client-supplied status, price, technician name and created_at.","Legacy - insecure when LEGACY_STRICT_AUTH=false: anyone can create bookings for any user_id; client controls status, price and technician even in strict mode; DB error text leaked in 500",api/serviceBooking.php:12
164,"Legacy (old app/admin)",bookings,api/serviceComplete.php,,https://zenhomeexperts.com/api/serviceComplete.php,POST,"None (Customer Bearer token when LEGACY_STRICT_AUTH=true)",No,No,"otp:string:required; user_id:int:required; id:int:required","status, message","400, 401, 403, 404, 500, 503","service_booking, legacy_access_log, user_sessions, users","Mobile app","Verifies the booking's hashed service OTP and marks the booking 'Service Complete'.","Legacy - insecure when LEGACY_STRICT_AUTH=false: anyone knowing user_id + booking id can try OTPs with no attempt limit to complete any booking; DB error text leaked in 500",api/serviceComplete.php:10
165,"Legacy (old app/admin)",catalog,api/admin/addService.php,,https://zenhomeexperts.com/api/admin/addService.php,POST,"Admin session or Admin Bearer or Admin-Token header",Yes,No,"name:string:required; image:string:required","status, message, id","401, 403, 500","service_category, admin, admin_sessions",Unknown,"Creates a service category from a name and a base64 JPEG/PNG data-URI image (old Flutter admin).","Legacy - likely broken: saves the image to a hard-coded old-host path (/home/vsnl/public_html/servicy/assets/services/), so it most likely fails with 'Failed to save image' on this server; validation and save failures return HTTP 200 with status:error",api/admin/addService.php:9
166,"Legacy (old app/admin)",catalog,api/admin/priceService.php,,https://zenhomeexperts.com/api/admin/priceService.php,POST,"Admin session or Admin Bearer or Admin-Token header",Yes,No,"category_id:int:required; subcategories:array:required","category_id, subcategories[]","400, 401, 403, 404, 500","service_category, admin, admin_sessions",Unknown,"Updates prices inside a JSON subcategories column of a service category.","Broken - reads/writes service_category.subcategories, but service_category has no subcategories column (schema dump; subcategories now live in saverpacks/service_subcategories), so it always fails with 500 and echoes the DB error",api/admin/priceService.php:21
167,"Legacy (old app/admin)",catalog,api/admin/removeService.php,,https://zenhomeexperts.com/api/admin/removeService.php,POST,"Admin session or Admin Bearer or Admin-Token header",Yes,No,id:int:required,"status, message","401, 403, 500","service_category, admin, admin_sessions",Unknown,"Hard-deletes a service category by category_id.","Legacy - hard delete with no check for its services or bookings; invalid input or an unknown id returns HTTP 200 with status:error",api/admin/removeService.php:23
168,"Legacy (old app/admin)",catalog,api/fetchCategory.php,,https://zenhomeexperts.com/api/fetchCategory.php,GET,"None (Customer Bearer token when LEGACY_STRICT_AUTH=true)",No,No,category_id:int:required,"status, data.subcategory",401,"saverpacks, legacy_access_log, user_sessions, users","Mobile app","Returns the subcategory of the first saverpacks row for a category id.","Legacy - returns only the first matching row; errors come back as HTTP 200 with status error ('User not found', DB error text leaked); no JSON Content-Type header; exposes only public catalog data when LEGACY_STRICT_AUTH=false",api/fetchCategory.php:10
169,"Legacy (old app/admin)",customers,api/admin/deactivate_user.php,,https://zenhomeexperts.com/api/admin/deactivate_user.php,POST,"Admin session or Admin Bearer or Admin-Token header",Yes,No,"userId:int:required; status:string:optional","statusCode, status, message","400, 401, 403, 500","users, user_sessions, admin, admin_sessions",Unknown,"Deactivates a customer (users.status='0', deletes their user_sessions) or re-activates them when status is 1/true/active.","Legacy - unknown user returns HTTP 200 with status:error",api/admin/deactivate_user.php:22
170,"Legacy (old app/admin)",customers,api/admin/fetch_users.php,,https://zenhomeexperts.com/api/admin/fetch_users.php,"GET, POST","Admin session or Admin Bearer or Admin-Token header",Yes,No,none,"[] array of users rows (password, reset_token, token_expiry removed)","401, 403, 500","users, admin, admin_sessions",Unknown,"Returns every customer row (bare JSON array, no envelope, no pagination).","Legacy - unpaginated dump of all customer PII; a DB connection failure dies with plain text",api/admin/fetch_users.php:31
171,"Legacy (old app/admin)",customers,api/admin/remove_user.php,,https://zenhomeexperts.com/api/admin/remove_user.php,POST,"Admin session or Admin Bearer or Admin-Token header",Yes,No,userId:int:required,"statusCode, status, message","400, 401, 403, 500","users, admin, admin_sessions",Unknown,"Hard-deletes a customer from users.","Legacy - partly broken: ends with $conn->close() on a PDO object (fatal error after the JSON is sent); deleting a customer who has bookings violates FK fk_user_id (service_booking.user_id -> users.ID) and fails with an uncaught 500",api/admin/remove_user.php:22
172,"Legacy (old app/admin)",orders,api/admin/orders.php,,https://zenhomeexperts.com/api/admin/orders.php,GET,"Admin session or Admin Bearer or Admin-Token header",No,No,order_id:string:required,"success, data.order_id, data.user_id, data.amount, data.status, data.payment_method, data.order_date, data.service{type,schedule}, data.items[], data.shipping_address, data.payment_details","400, 401, 403, 500","transactions, orders, service_schedule, admin, admin_sessions",Unknown,"Returns one order (transaction joined with orders and service_schedule) by order_id in TXN_XXXXXXXXXX format, using its own mysqli connection.","Broken - SELECTs o.service_details, but the orders table has no service_details column (schema dump; no migration adds it), so the query fails and every request returns 400 with the SQL error; current transaction ids also do not use the TXN_ format the regex requires",api/admin/orders.php:37
173,"Legacy (old app/admin)",orders,api/order_details.php,,https://zenhomeexperts.com/api/order_details.php,GET,"None (Customer Bearer token when LEGACY_STRICT_AUTH=true)",No,No,"order_id:string:required (format TXN_ + 10 uppercase alphanumerics)","success, data.order_id, data.user_id, data.amount, data.status, data.payment_method, data.order_date, data.service{type,schedule}, data.items, data.shipping_address, data.payment_details","400, 401, 404, 500, 503","transactions, orders, service_schedule, legacy_access_log, user_sessions, users","Mobile app","Returns one legacy order (transaction + orders items/shipping + service_schedule + stored PhonePe data, card number masked); also the receipt link target of user_transaction.php.","Legacy - insecure when LEGACY_STRICT_AUTH=false: anyone can read any TXN_ order's user_id, items, shipping address and PhonePe payment data; website 'ZC-' orders are rejected by the id format check",api/order_details.php:25
174,"Legacy (old app/admin)",orders,api/user_orders.php,,https://zenhomeexperts.com/api/user_orders.php,GET,"None (Customer Bearer token when LEGACY_STRICT_AUTH=true)",No,No,"user_id:int:required; page:int:optional; limit:int:optional","success, data.user_id, data.orders[]{order_id,amount,status,payment_method,date,items,shipping}, data.pagination{page,limit,total_items,total_pages}","400, 401, 403, 500","transactions, orders, legacy_access_log, user_sessions, users","Mobile app","Paginated order history (transactions joined with orders items and shipping address) for a user_id.","Legacy - insecure when LEGACY_STRICT_AUTH=false: anyone can list any user's orders including items and shipping addresses; limit=0 causes division-by-zero 500",api/user_orders.php:25
175,"Legacy (old app/admin)",payments,api/admin/payments.php,,https://zenhomeexperts.com/api/admin/payments.php,GET,"Admin-Token header",No,No,"page:int:optional; limit:int:optional; status:enum(pending|success|failed):optional; date_from:date:optional; date_to:date:optional; search:string:optional","success, data.meta{page,limit,total,pages}, data.transactions[]{id,user,amount,status,method,date,last_updated}","400, 401, 500",transactions,Unknown,"Legacy mode (no ?action=): paginated, filterable list of payment transactions over mysqli, authorized only by Admin-Token == ADMIN_SECRET.","Broken - the legacy path only requires vendor/autoload.php and never loads .env (no Dotenv call), so $_ENV['ADMIN_SECRET'] and $_ENV['DB_*'] are empty unless set as real server environment variables, and every request then gets 401",api/admin/payments.php:28
176,"Legacy (old app/admin)",payments,api/fetch-transaction.php,,https://zenhomeexperts.com/api/fetch-transaction.php,"GET, POST","None (Customer Bearer token when LEGACY_STRICT_AUTH=true)",No,No,transaction_id:string:required,"success, data.transaction_id, data.amount, data.status, data.payment_mode, data.timestamp, data.raw_response","400, 401, 404, 503","transactions, legacy_access_log, user_sessions, users","Mobile app","Fetches a PhonePe order status via the SDK and returns it in the old v1 response shape (no DB update).","Legacy - insecure when LEGACY_STRICT_AUTH=false: anyone can read status, amount, payment mode and the full raw PhonePe response for any transaction id",api/fetch-transaction.php:16
177,"Legacy (old app/admin)",payments,api/payementInitiate.php,,https://zenhomeexperts.com/api/payementInitiate.php,POST,"None (Customer Bearer token when LEGACY_STRICT_AUTH=true)",No,No,"amount:float:required; user_id:int:optional","success, payment_url, transaction_id","400, 401, 403","transactions, legacy_access_log, user_sessions, users","Mobile app","Starts a PhonePe v2 payment for a client-supplied amount (order id TXN_<10 hex>) and records a pending transaction.","Legacy - insecure when LEGACY_STRICT_AUTH=false: anyone can create PhonePe orders for any amount and insert pending transactions under any user_id (or GUEST_nnnn); amount is always client-supplied",api/payementInitiate.php:16
178,"Legacy (old app/admin)",payments,api/paymentConfirmation.php,,https://zenhomeexperts.com/api/paymentConfirmation.php,"GET, POST","None (Customer Bearer token when LEGACY_STRICT_AUTH=true)",No,No,transactionId:string:required,"success, merchantTransactionId, transactionId, state, amount (paise), paymentDetails","401, 404, 503","transactions, cart, service_booking, users, service_partners, sms_templates, sms_log, customer_notifications, site_settings, legacy_access_log, user_sessions","Website, Mobile app","Checks PhonePe order status, syncs transactions.status, clears the cart on success and sends the booking-confirmed SMS (once per booking) for website 'ZC-' orders.","Legacy - insecure when LEGACY_STRICT_AUTH=false: anyone with a transaction id can read its PhonePe state, amount and payment details and trigger the status sync (state itself comes from PhonePe); missing id and gateway errors return HTTP 200 with success=false",api/paymentConfirmation.php:28
179,"Legacy (old app/admin)",payments,api/save_transaction.php,,https://zenhomeexperts.com/api/save_transaction.php,POST,"None (Customer Bearer token when LEGACY_STRICT_AUTH=true)",No,No,"transaction_id:string:required; user_id:int:required; amount:float:required; status:enum(pending|success|failed|refunded):required; payment_mode:string:optional; phonepe_response:object:optional; metadata:object:optional","success, data.transaction_id, data.status, data.amount, data.payment_mode, data.timestamp","400, 401, 403, 404, 500, 503","transactions, legacy_access_log, user_sessions, users","Mobile app","Inserts or upserts a transaction row (status, payment mode, PhonePe data, metadata) exactly as sent by the client.","Legacy - insecure: client sets any transaction status (incl. success) with no PhonePe verification, even in strict mode for own rows; when LEGACY_STRICT_AUTH=false anyone can create or overwrite any transaction; 'refunded' is not in the transactions.status enum",api/save_transaction.php:28
180,"Legacy (old app/admin)",payments,api/user_transaction.php,,https://zenhomeexperts.com/api/user_transaction.php,"GET, POST","None (Customer Bearer token when LEGACY_STRICT_AUTH=true)",No,No,user_id:int:required,"success, data.user_id, data.count, data.transactions[]{transaction_id,amount,status,payment_mode,date,receipt_url}","400, 401, 403, 500","transactions, legacy_access_log, user_sessions, users","Mobile app","Lists a user's last 100 transactions with receipt links (RECEIPT_BASE_URL or <host>/api/order_details.php?order_id=).","Legacy - insecure when LEGACY_STRICT_AUTH=false: anyone can list any user's transactions (ids, amounts, statuses, payment modes)",api/user_transaction.php:26
181,Cron/Internal,admins,database/admin_password.php,,"n/a (CLI only, not web-accessible)",CLI,"None (CLI only)",No,No,"admin_email:string:required; --list:bool:optional; --help:bool:optional","stdout confirmation (new password read twice from STDIN); --list prints id, email, role, status of each admin","404 (non-CLI request)","admin, admin_sessions",Unknown,"CLI recovery script: sets a new password (8-72 chars, password_hash) for an admin, re-activates the account, clears the lockout and deletes its admin_sessions.","Active - web-blocked by .htaccess",database/admin_password.php:29
182,Cron/Internal,catalog,database/seed_catalog_from_website.php,,"n/a (CLI only, not web-accessible)",CLI,"None (CLI only)",No,No,--dry-run:bool:optional,"stdout report of categories/services/banners created, updated or kept, images copied, warnings","404 (non-CLI request)","service_category, saverpacks, banners, catalog_seed_log",Unknown,"One-time CLI seed: fills categories, services (saverpacks) and banners from database/seed_data/website_catalog.php and copies the website images, resized to WebP, into uploads/admin/.","Active - one-time seed (safe to re-run; logged in catalog_seed_log); web-blocked by .htaccess",database/seed_catalog_from_website.php:115
183,Cron/Internal,content,database/seed_site_content.php,,"n/a (CLI only, not web-accessible)",CLI,"None (CLI only)",No,No,--dry-run:bool:optional,"stdout lines per added setting/package/intro plus totals","404 (non-CLI request)","site_settings, home_packages, service_category",Unknown,"One-time CLI seed: fills empty site_settings keys, the homepage packages (only when home_packages is empty) and empty service_category.long_description values.","Active - one-time seed (only fills empty values); web-blocked by .htaccess",database/seed_site_content.php:39
184,Cron/Internal,maintenance,database/check_table_names.php,,"n/a (CLI only, not web-accessible)",CLI,"None (CLI only)",No,No,none,"stdout report of expected vs actual tables (missing or wrong-case names); exit 0 OK / 1 mismatch","none (CLI; exit code 1 on DB failure or mismatch)","none (read-only show tables)",Unknown,"CLI check that every table name the code uses exists in the DB with the exact (lowercase) case.","Active - no PHP_SAPI guard; web-blocked by .htaccess (root RedirectMatch 404 for /database)",database/check_table_names.php:30
185,Cron/Internal,maintenance,database/migrate.php,,"n/a (CLI only, not web-accessible)",CLI,"None (CLI only)",No,No,--status:bool:optional,"stdout per migration (Applying / skipped / done, 'Migrations up to date.'); --status lists applied/pending","404 (non-CLI request)","schema_migrations, admin, admin_sessions, area_services, banners, booking_notes, booking_status_history, catalog_seed_log, cities, cms_pages, coupons, customer_notifications, home_packages, legacy_access_log, password_resets, pincodes, ratings_feedback, saverpacks, service_booking, service_category, service_partners, service_subcategories, serviceable_areas, site_settings, sms_log, sms_templates, support_ticket_messages, support_tickets, transactions, users",Unknown,"CLI script that applies pending database/migrations/*.sql in name order and records them in schema_migrations, skipping 'already exists' errors.","Active - web-blocked by .htaccess",database/migrate.php:33
186,Cron/Internal,notifications,cron/send_scheduled.php,,"n/a (CLI only, not web-accessible)",CLI,"None (CLI only)",No,No,none,"stdout log lines; writes cron/last_run.json {started_at, finished_at, notifications{due,results[]}, sms{due,results[]}, stuck_failed, errors[]}; exit code 0/1","403 (non-CLI request)","customer_notifications, sms_log, sms_templates, users, service_booking",Unknown,"Cron job (every 5 min): sends due scheduled customer notifications and promotional SMS campaigns (50 per table per run) via customer_audience() and bulk_send(), and marks rows stuck in Processing for over 30 min as Failed.","Active - Push and Email channels are stubs in notify.php (logged as Not sent); only SMS is delivered, and only when SMS_ENABLED and the gateway keys are set; web access blocked by cron/.htaccess and root .htaccess",cron/send_scheduled.php:106
